﻿"geoip.country_name.keyword: Descending",Count,"DestPort: Descending",Count
Germany,"219,456",5900,"183,377"
Germany,"219,456",3389,"34,433"
Germany,"219,456",80,74
Germany,"219,456",8080,58
Germany,"219,456",443,55
China,"75,861",445,"3,237"
China,"75,861",23,"1,166"
China,"75,861",6379,"1,137"
China,"75,861",8080,388
China,"75,861",2375,214
"United States","59,100",3389,"5,790"
"United States","59,100",8088,"1,886"
"United States","59,100",22,"1,046"
"United States","59,100",23023,380
"United States","59,100",23,280
"United Kingdom","42,241",3389,"39,769"
"United Kingdom","42,241",25,676
"United Kingdom","42,241",110,292
"United Kingdom","42,241",80,72
"United Kingdom","42,241",2323,54
India,"8,143",445,"6,425"
India,"8,143",23023,162
India,"8,143",23,110
India,"8,143",2376,41
India,"8,143",22,29
