﻿"password.keyword: Descending",Count
123456,368
password,300
"(empty)",218
admin,181
1234,152
12345,126
test,126
123,110
12345678,99
root,93
123456789,78
1234567,64
654321,64
passwd,63
test123,55
1234567890,48
Passw0rd,47
qwerty,47
ubuntu,45
user,43
54321,42
pass123,42
111111,41
abc123,39
987654321,37
q1w2e3r4,37
1q2w3e,36
drowssap,36
password1,36
password123,36
testuser,36
1,35
1qaz2wsx,35
888888,31
1q2w3e4r,30
666666,30
passwd123,30
administrator,29
"!QAZ2wsx",28
11111111,28
"1qaz@WSX",28
pass,28
1111,27
123123,26
Password,26
88888888,25
"p@ssw0rd",25
abc,24
abcd1234,24
mail,24
