﻿ID,Description,Count
2100560,"GPL POLICY VNC server response","372,499"
2002923,"ET EXPLOIT VNC Server Not Requiring Authentication (case 2)","186,137"
2002920,"ET POLICY VNC Authentication Failure","186,134"
2001330,"ET POLICY RDP connection confirm","152,751"
2001329,"ET POLICY RDP connection request","150,731"
2101447,"GPL POLICY MS Remote Desktop Request RDP","150,709"
2210048,"SURICATA STREAM reassembly sequence GAP -- missing packet(s)","43,828"
2024766,"ET EXPLOIT [PTsecurity] DoublePulsar Backdoor installation communication","22,080"
2002824,"ET POLICY CURL User Agent","19,901"
2210044,"SURICATA STREAM Packet with invalid timestamp","17,364"
