﻿"alert.category.keyword: Descending",Timestamp,Attacks
"Misc activity","2022-04-06 03:00",66
"Misc activity","2022-04-06 06:00",41
"Misc activity","2022-04-06 09:00",63
"Misc activity","2022-04-06 12:00","5,448"
"Misc activity","2022-04-06 15:00","52,929"
"Misc activity","2022-04-06 18:00","55,334"
"Misc activity","2022-04-06 21:00","52,840"
"Misc activity","2022-04-07 00:00","49,198"
"Misc activity","2022-04-07 03:00","49,009"
"Misc activity","2022-04-07 06:00","49,416"
"Misc activity","2022-04-07 09:00","48,990"
"Misc activity","2022-04-07 12:00",237
"Misc activity","2022-04-07 15:00",800
"Misc activity","2022-04-07 18:00",335
"Misc activity","2022-04-07 21:00",140
"Misc activity","2022-04-08 00:00",213
"Misc activity","2022-04-08 03:00","16,632"
"Misc activity","2022-04-08 06:00","47,445"
"Misc activity","2022-04-08 09:00","46,046"
"Misc activity","2022-04-08 12:00","56,090"
"Misc activity","2022-04-08 15:00","33,372"
"Misc activity","2022-04-08 18:00","2,540"
"Misc activity","2022-04-08 21:00","65,616"
"Misc activity","2022-04-09 00:00","63,158"
"Misc activity","2022-04-09 03:00","62,968"
"Misc activity","2022-04-09 06:00","62,300"
"Misc activity","2022-04-09 09:00","36,533"
"Misc activity","2022-04-09 12:00","11,715"
"Misc activity","2022-04-09 15:00",246
"Misc activity","2022-04-09 18:00",197
"Misc activity","2022-04-09 21:00",343
"Misc activity","2022-04-10 00:00",116
"Misc activity","2022-04-10 03:00",455
"Misc activity","2022-04-10 06:00",180
"Misc activity","2022-04-10 09:00",163
"Misc activity","2022-04-10 12:00",156
"Misc activity","2022-04-10 15:00",359
"Misc activity","2022-04-10 18:00",134
"Misc activity","2022-04-10 21:00",115
"Misc activity","2022-04-11 00:00",189
"Misc activity","2022-04-11 03:00",150
"Misc activity","2022-04-11 06:00",224
"Misc activity","2022-04-11 09:00",106
"Misc activity","2022-04-11 12:00",270
"Misc activity","2022-04-11 15:00",309
"Misc activity","2022-04-11 18:00",243
"Generic Protocol Command Decode","2022-04-06 03:00","1,545"
"Generic Protocol Command Decode","2022-04-06 06:00",198
"Generic Protocol Command Decode","2022-04-06 09:00",557
"Generic Protocol Command Decode","2022-04-06 12:00","1,611"
"Generic Protocol Command Decode","2022-04-06 15:00","1,513"
"Generic Protocol Command Decode","2022-04-06 18:00","1,364"
"Generic Protocol Command Decode","2022-04-06 21:00",304
"Generic Protocol Command Decode","2022-04-07 00:00",258
"Generic Protocol Command Decode","2022-04-07 03:00",313
"Generic Protocol Command Decode","2022-04-07 06:00",270
"Generic Protocol Command Decode","2022-04-07 09:00",406
"Generic Protocol Command Decode","2022-04-07 12:00","3,145"
"Generic Protocol Command Decode","2022-04-07 15:00",317
"Generic Protocol Command Decode","2022-04-07 18:00",707
"Generic Protocol Command Decode","2022-04-07 21:00",424
"Generic Protocol Command Decode","2022-04-08 00:00","1,181"
"Generic Protocol Command Decode","2022-04-08 03:00",953
"Generic Protocol Command Decode","2022-04-08 06:00","18,880"
"Generic Protocol Command Decode","2022-04-08 09:00",735
"Generic Protocol Command Decode","2022-04-08 12:00",356
"Generic Protocol Command Decode","2022-04-08 15:00",812
"Generic Protocol Command Decode","2022-04-08 18:00","1,431"
"Generic Protocol Command Decode","2022-04-08 21:00","35,986"
"Generic Protocol Command Decode","2022-04-09 00:00","33,639"
"Generic Protocol Command Decode","2022-04-09 03:00","31,579"
"Generic Protocol Command Decode","2022-04-09 06:00","32,713"
"Generic Protocol Command Decode","2022-04-09 09:00","20,605"
"Generic Protocol Command Decode","2022-04-09 12:00","11,625"
"Generic Protocol Command Decode","2022-04-09 15:00","1,601"
"Generic Protocol Command Decode","2022-04-09 18:00",771
"Generic Protocol Command Decode","2022-04-09 21:00","3,809"
"Generic Protocol Command Decode","2022-04-10 00:00","3,122"
"Generic Protocol Command Decode","2022-04-10 03:00",760
"Generic Protocol Command Decode","2022-04-10 06:00","1,360"
"Generic Protocol Command Decode","2022-04-10 09:00",628
"Generic Protocol Command Decode","2022-04-10 12:00","1,205"
"Generic Protocol Command Decode","2022-04-10 15:00","2,136"
"Generic Protocol Command Decode","2022-04-10 18:00",780
"Generic Protocol Command Decode","2022-04-10 21:00",559
"Generic Protocol Command Decode","2022-04-11 00:00","3,062"
"Generic Protocol Command Decode","2022-04-11 03:00","1,194"
"Generic Protocol Command Decode","2022-04-11 06:00","1,714"
"Generic Protocol Command Decode","2022-04-11 09:00","1,946"
"Generic Protocol Command Decode","2022-04-11 12:00","4,960"
"Generic Protocol Command Decode","2022-04-11 15:00",747
"Generic Protocol Command Decode","2022-04-11 18:00",242
"Attempted Administrator Privilege Gain","2022-04-06 03:00",55
"Attempted Administrator Privilege Gain","2022-04-06 06:00",22
"Attempted Administrator Privilege Gain","2022-04-06 09:00",19
"Attempted Administrator Privilege Gain","2022-04-06 12:00","1,809"
"Attempted Administrator Privilege Gain","2022-04-06 15:00","18,942"
"Attempted Administrator Privilege Gain","2022-04-06 18:00","17,697"
"Attempted Administrator Privilege Gain","2022-04-06 21:00","17,610"
"Attempted Administrator Privilege Gain","2022-04-07 00:00","16,349"
"Attempted Administrator Privilege Gain","2022-04-07 03:00","16,318"
"Attempted Administrator Privilege Gain","2022-04-07 06:00","16,416"
"Attempted Administrator Privilege Gain","2022-04-07 09:00","16,274"
"Attempted Administrator Privilege Gain","2022-04-07 12:00","3,609"
"Attempted Administrator Privilege Gain","2022-04-07 15:00",15
"Attempted Administrator Privilege Gain","2022-04-07 18:00",18
"Attempted Administrator Privilege Gain","2022-04-07 21:00",363
"Attempted Administrator Privilege Gain","2022-04-08 00:00","1,516"
"Attempted Administrator Privilege Gain","2022-04-08 03:00","6,546"
"Attempted Administrator Privilege Gain","2022-04-08 06:00","16,585"
"Attempted Administrator Privilege Gain","2022-04-08 09:00","15,660"
"Attempted Administrator Privilege Gain","2022-04-08 12:00","18,867"
"Attempted Administrator Privilege Gain","2022-04-08 15:00","11,220"
"Attempted Administrator Privilege Gain","2022-04-08 18:00",6
"Attempted Administrator Privilege Gain","2022-04-08 21:00",56
"Attempted Administrator Privilege Gain","2022-04-09 00:00",126
"Attempted Administrator Privilege Gain","2022-04-09 03:00",848
"Attempted Administrator Privilege Gain","2022-04-09 06:00",90
"Attempted Administrator Privilege Gain","2022-04-09 09:00","1,772"
"Attempted Administrator Privilege Gain","2022-04-09 12:00","1,100"
"Attempted Administrator Privilege Gain","2022-04-09 15:00",24
"Attempted Administrator Privilege Gain","2022-04-09 18:00",22
"Attempted Administrator Privilege Gain","2022-04-09 21:00","2,063"
"Attempted Administrator Privilege Gain","2022-04-10 00:00",33
"Attempted Administrator Privilege Gain","2022-04-10 03:00","1,626"
"Attempted Administrator Privilege Gain","2022-04-10 06:00","1,764"
"Attempted Administrator Privilege Gain","2022-04-10 09:00",23
"Attempted Administrator Privilege Gain","2022-04-10 12:00",28
"Attempted Administrator Privilege Gain","2022-04-10 15:00",30
"Attempted Administrator Privilege Gain","2022-04-10 18:00",22
"Attempted Administrator Privilege Gain","2022-04-10 21:00",60
"Attempted Administrator Privilege Gain","2022-04-11 00:00",48
"Attempted Administrator Privilege Gain","2022-04-11 03:00",99
"Attempted Administrator Privilege Gain","2022-04-11 06:00",112
"Attempted Administrator Privilege Gain","2022-04-11 09:00","1,232"
"Attempted Administrator Privilege Gain","2022-04-11 12:00","1,625"
"Attempted Administrator Privilege Gain","2022-04-11 15:00","1,357"
"Attempted Administrator Privilege Gain","2022-04-11 18:00",11
"Attempted Information Leak","2022-04-06 03:00",189
"Attempted Information Leak","2022-04-06 06:00",197
"Attempted Information Leak","2022-04-06 09:00",250
"Attempted Information Leak","2022-04-06 12:00",380
"Attempted Information Leak","2022-04-06 15:00",623
"Attempted Information Leak","2022-04-06 18:00",493
"Attempted Information Leak","2022-04-06 21:00",529
"Attempted Information Leak","2022-04-07 00:00",883
"Attempted Information Leak","2022-04-07 03:00",674
"Attempted Information Leak","2022-04-07 06:00",646
"Attempted Information Leak","2022-04-07 09:00",855
"Attempted Information Leak","2022-04-07 12:00",692
"Attempted Information Leak","2022-04-07 15:00",552
"Attempted Information Leak","2022-04-07 18:00",715
"Attempted Information Leak","2022-04-07 21:00",729
"Attempted Information Leak","2022-04-08 00:00","1,183"
"Attempted Information Leak","2022-04-08 03:00","1,000"
"Attempted Information Leak","2022-04-08 06:00","20,952"
"Attempted Information Leak","2022-04-08 09:00",973
"Attempted Information Leak","2022-04-08 12:00","1,177"
"Attempted Information Leak","2022-04-08 15:00",690
"Attempted Information Leak","2022-04-08 18:00",221
"Attempted Information Leak","2022-04-08 21:00",642
"Attempted Information Leak","2022-04-09 00:00",726
"Attempted Information Leak","2022-04-09 03:00",763
"Attempted Information Leak","2022-04-09 06:00",921
"Attempted Information Leak","2022-04-09 09:00",341
"Attempted Information Leak","2022-04-09 12:00",222
"Attempted Information Leak","2022-04-09 15:00",196
"Attempted Information Leak","2022-04-09 18:00",198
"Attempted Information Leak","2022-04-09 21:00",208
"Attempted Information Leak","2022-04-10 00:00",218
"Attempted Information Leak","2022-04-10 03:00",206
"Attempted Information Leak","2022-04-10 06:00",205
"Attempted Information Leak","2022-04-10 09:00",222
"Attempted Information Leak","2022-04-10 12:00",210
"Attempted Information Leak","2022-04-10 15:00",201
"Attempted Information Leak","2022-04-10 18:00",203
"Attempted Information Leak","2022-04-10 21:00",307
"Attempted Information Leak","2022-04-11 00:00",266
"Attempted Information Leak","2022-04-11 03:00",255
"Attempted Information Leak","2022-04-11 06:00",367
"Attempted Information Leak","2022-04-11 09:00",442
"Attempted Information Leak","2022-04-11 12:00",552
"Attempted Information Leak","2022-04-11 15:00",276
"Attempted Information Leak","2022-04-11 18:00",218
"Misc Attack","2022-04-06 03:00",194
"Misc Attack","2022-04-06 06:00",254
"Misc Attack","2022-04-06 09:00",293
"Misc Attack","2022-04-06 12:00",255
"Misc Attack","2022-04-06 15:00",218
"Misc Attack","2022-04-06 18:00",269
"Misc Attack","2022-04-06 21:00",223
"Misc Attack","2022-04-07 00:00",268
"Misc Attack","2022-04-07 03:00",251
"Misc Attack","2022-04-07 06:00",264
"Misc Attack","2022-04-07 09:00",278
"Misc Attack","2022-04-07 12:00",244
"Misc Attack","2022-04-07 15:00",243
"Misc Attack","2022-04-07 18:00",270
"Misc Attack","2022-04-07 21:00",276
"Misc Attack","2022-04-08 00:00",272
"Misc Attack","2022-04-08 03:00",236
"Misc Attack","2022-04-08 06:00",252
"Misc Attack","2022-04-08 09:00",237
"Misc Attack","2022-04-08 12:00",212
"Misc Attack","2022-04-08 15:00",270
"Misc Attack","2022-04-08 18:00",308
"Misc Attack","2022-04-08 21:00",290
"Misc Attack","2022-04-09 00:00",274
"Misc Attack","2022-04-09 03:00",309
"Misc Attack","2022-04-09 06:00",288
"Misc Attack","2022-04-09 09:00",295
"Misc Attack","2022-04-09 12:00",249
"Misc Attack","2022-04-09 15:00",393
"Misc Attack","2022-04-09 18:00",283
"Misc Attack","2022-04-09 21:00",310
"Misc Attack","2022-04-10 00:00",287
"Misc Attack","2022-04-10 03:00",308
"Misc Attack","2022-04-10 06:00",350
"Misc Attack","2022-04-10 09:00",320
"Misc Attack","2022-04-10 12:00",304
"Misc Attack","2022-04-10 15:00",337
"Misc Attack","2022-04-10 18:00",345
"Misc Attack","2022-04-10 21:00",343
"Misc Attack","2022-04-11 00:00",300
"Misc Attack","2022-04-11 03:00",286
"Misc Attack","2022-04-11 06:00",217
"Misc Attack","2022-04-11 09:00",222
"Misc Attack","2022-04-11 12:00",254
"Misc Attack","2022-04-11 15:00",227
"Misc Attack","2022-04-11 18:00",243
