﻿"username.keyword: Descending",Count
root,918
"info@mailrelay.local",375
"sales@mailrelay.local",267
admin,263
"test@mailrelay.local",252
"support@mailrelay.local",213
"postmaster@mailrelay.local",210
"reception@mailrelay.local",183
"backup@mailrelay.local",180
"sale@mailrelay.local",174
"webmaster@mailrelay.local",147
"mail@mailrelay.local",138
"spam@mailrelay.local",123
sa,122
user,121
"recruit@mailrelay.local",108
"admin@mailrelay.local",84
"web@mailrelay.local",69
ubuntu,63
"(empty)",60
postgres,59
test,54
"mike@mailrelay.local",51
"scanner@mailrelay.local",51
"staff@mailrelay.local",51
"testing@mailrelay.local",51
"webadmin@mailrelay.local",51
"tester@mailrelay.local",48
"testuser@mailrelay.local",48
"users@mailrelay.local",48
"amy@mailrelay.local",45
"arthur@mailrelay.local",45
"service@mailrelay.local",42
oracle,36
support,36
testuser,36
ansible,35
pi,34
"root@mailrelay.local",33
"alerts@mailrelay.local",27
"newsletters@mailrelay.local",27
"test1@mailrelay.local",27
"article@mailrelay.local",24
"fax@mailrelay.local",24
"office@mailrelay.local",24
"postoffice@mailrelay.local",24
"test2@mailrelay.local",24
system,23
"alert@mailrelay.local",21
"contact@mailrelay.local",21
