﻿"geoip.country_name.keyword: Descending",Count,"DestPort: Descending",Count
France,"3,196",445,"3,183"
France,"3,196",5555,3
France,"3,196",26377,3
France,"3,196",3389,1
France,"3,196",6000,1
China,"2,075",22,238
China,"2,075",6379,94
China,"2,075",5986,43
China,"2,075",25565,43
China,"2,075",6699,42
"United States","1,953",22,117
"United States","1,953",445,69
"United States","1,953",8080,46
"United States","1,953",4343,42
"United States","1,953",2064,40
Egypt,"1,067",445,"1,055"
Egypt,"1,067",65529,7
Egypt,"1,067",1433,5
India,957,445,897
India,957,65529,21
India,957,1433,18
India,957,8410,4
India,957,65533,3
