﻿"password.keyword: Descending",Count
123456,34
"(empty)",18
admin,11
123,8
test,8
testuser,8
1,7
password,7
git,5
mc,5
oracle,5
postgres,5
redhat,5
root,5
ubuntu,5
"!QAZ2wsx",4
12345678,4
123456789,4
1234567890,4
1qaz2wsx,4
"1qaz@WSX",4
"1qaz@wsx",4
"P@ssw0rd",4
"admin123!@#",4
ansible,4
dev,4
server,4
system,4
toor,4
user,4
xuelp123,4
zabbix,4
88888888,3
Admin123,3
"Admin@123",3
"redhat@123",3
111111,2
12345,2
1234qwer,2
"Host: 159.203.21.136:23",2
"dell@123",2
gustavo,2
minecraft,2
ts3server,2
"!@#$%admin",1
"!@#123QWE",1
"!@#123qwe",1
"!QAZ2wsx#EDC",1
0racle123,1
"0racle@123",1
