﻿ID,Description,Count
2210048,"SURICATA STREAM reassembly sequence GAP -- missing packet(s)","21,559"
2210044,"SURICATA STREAM Packet with invalid timestamp",186
2023997,"ET INFO Potentially unsafe SMBv1 protocol in use",128
2210051,"SURICATA STREAM Packet with broken ack",83
2001978,"ET POLICY SSH session in progress on Expected Port",78
2200074,"SURICATA TCPv4 invalid checksum",70
2210037,"SURICATA STREAM FIN recv but no session",61
2230003,"SURICATA TLS invalid handshake message",50
2230010,"SURICATA TLS invalid record/traffic",50
2029054,"ET SCAN Zmap User-Agent (Inbound)",48
