﻿"alert.category.keyword: Descending",Timestamp,Attacks
"Generic Protocol Command Decode","2022-03-11 09:00","4,462"
"Generic Protocol Command Decode","2022-03-11 12:00","5,480"
"Generic Protocol Command Decode","2022-03-11 15:00","6,995"
"Not Suspicious Traffic","2022-03-11 09:00",21
"Not Suspicious Traffic","2022-03-11 12:00",38
"Not Suspicious Traffic","2022-03-11 15:00",39
"Misc activity","2022-03-11 09:00",40
"Misc activity","2022-03-11 12:00",29
"Misc activity","2022-03-11 15:00",29
"Detection of a Network Scan","2022-03-11 09:00",9
"Detection of a Network Scan","2022-03-11 12:00",22
"Detection of a Network Scan","2022-03-11 15:00",6
"Attempted Administrator Privilege Gain","2022-03-11 09:00",3
"Attempted Administrator Privilege Gain","2022-03-11 12:00",3
"Attempted Administrator Privilege Gain","2022-03-11 15:00",4
