﻿"username.keyword: Descending",Count
root,177
admin,14
user,12
ansible,8
git,8
testuser,8
ubuntu,8
stack,7
mc,6
postgres,6
wildfly,6
odoo,5
butter,4
dev,4
es,4
ftpuser,4
informix,4
oracle,4
redis,4
server,4
system,4
test,4
zabbix,4
asterisk,3
bigdata,3
toto,3
"(empty)",2
"GET / HTTP/1.1",2
afjarul,2
arkserver,2
dmdba,2
elasticsearch,2
hadoop,2
mysql,2
odoo13,2
sa,2
testuser2,2
tomcat,2
ts3server,2
uno85,2
wagner,2
"Accept-Encoding: gzip",1
"Accept: */*",1
"Connection: close",1
"User-Agent: Mozilla/5.0 (Windows NT 10.0; WOW64) AppleWebKit/537.36 (KHTML, like Gecko) Chrome/66.0.3359.117 Safari/537.36 ",1
bot,1
elastic,1
garrysmod,1
guest,1
init,1
