﻿"password.keyword: Descending",Count
admin,"1,043"
nproc,940
root,95
123456,89
test,84
guest,71
password,71
"(empty)",59
ubuntu,56
1234,46
testuser,46
123456789,43
"!QAZ2wsx",42
"1qaz@WSX",34
user,33
12345678,31
ansible,27
redhat,25
system,25
1234567890,23
12345,22
1qaz2wsx,21
postgres,20
toor,20
raspberry,19
dev,18
"1qaz@wsx",17
zabbix,17
admin123,16
oracle,16
centos,14
server,14
git,13
mc,13
root123,13
xuelp123,13
123,12
admin1234,12
tor,12
11111111,11
"P@ssw0rd",11
"......",10
000000,10
0459,10
654321,10
"Admin@123",10
"^_^$$wanniMaBI:: 1433 vl",10
eve,9
support,9
"admin@123",8
