﻿"alert.category.keyword: Descending",Timestamp,Attacks
"Misc activity","2022-04-06 03:00",247
"Misc activity","2022-04-06 06:00",468
"Misc activity","2022-04-06 09:00",480
"Misc activity","2022-04-06 12:00","9,632"
"Misc activity","2022-04-06 15:00","2,890"
"Misc activity","2022-04-06 18:00","3,030"
"Misc activity","2022-04-06 21:00",690
"Misc activity","2022-04-07 00:00",687
"Misc activity","2022-04-07 03:00",620
"Misc activity","2022-04-07 06:00",610
"Misc activity","2022-04-07 09:00",300
"Misc activity","2022-04-07 12:00",299
"Misc activity","2022-04-07 15:00",452
"Misc activity","2022-04-07 18:00",581
"Misc activity","2022-04-07 21:00",715
"Misc activity","2022-04-08 00:00",551
"Misc activity","2022-04-08 03:00","20,873"
"Misc activity","2022-04-08 06:00","61,908"
"Misc activity","2022-04-08 09:00","61,525"
"Misc activity","2022-04-08 12:00","59,981"
"Misc activity","2022-04-08 15:00","2,450"
"Misc activity","2022-04-08 18:00",253
"Misc activity","2022-04-08 21:00",794
"Misc activity","2022-04-09 00:00","1,174"
"Misc activity","2022-04-09 03:00",949
"Misc activity","2022-04-09 06:00",778
"Misc activity","2022-04-09 09:00",562
"Misc activity","2022-04-09 12:00",631
"Misc activity","2022-04-09 15:00",470
"Misc activity","2022-04-09 18:00",414
"Misc activity","2022-04-09 21:00",369
"Misc activity","2022-04-10 00:00",726
"Misc activity","2022-04-10 03:00",772
"Misc activity","2022-04-10 06:00",777
"Misc activity","2022-04-10 09:00",516
"Misc activity","2022-04-10 12:00",603
"Misc activity","2022-04-10 15:00",712
"Misc activity","2022-04-10 18:00",522
"Misc activity","2022-04-10 21:00",654
"Misc activity","2022-04-11 00:00",604
"Misc activity","2022-04-11 03:00",532
"Misc activity","2022-04-11 06:00",399
"Misc activity","2022-04-11 09:00",431
"Misc activity","2022-04-11 12:00",900
"Misc activity","2022-04-11 15:00",474
"Misc activity","2022-04-11 18:00",488
"Attempted Administrator Privilege Gain","2022-04-06 03:00",19
"Attempted Administrator Privilege Gain","2022-04-06 06:00",315
"Attempted Administrator Privilege Gain","2022-04-06 09:00",27
"Attempted Administrator Privilege Gain","2022-04-06 12:00","3,088"
"Attempted Administrator Privilege Gain","2022-04-06 15:00","2,220"
"Attempted Administrator Privilege Gain","2022-04-06 18:00",23
"Attempted Administrator Privilege Gain","2022-04-06 21:00",19
"Attempted Administrator Privilege Gain","2022-04-07 00:00",28
"Attempted Administrator Privilege Gain","2022-04-07 03:00",23
"Attempted Administrator Privilege Gain","2022-04-07 06:00",24
"Attempted Administrator Privilege Gain","2022-04-07 09:00",16
"Attempted Administrator Privilege Gain","2022-04-07 12:00",11
"Attempted Administrator Privilege Gain","2022-04-07 15:00","1,744"
"Attempted Administrator Privilege Gain","2022-04-07 18:00",262
"Attempted Administrator Privilege Gain","2022-04-07 21:00",23
"Attempted Administrator Privilege Gain","2022-04-08 00:00",26
"Attempted Administrator Privilege Gain","2022-04-08 03:00","6,883"
"Attempted Administrator Privilege Gain","2022-04-08 06:00","20,493"
"Attempted Administrator Privilege Gain","2022-04-08 09:00","20,325"
"Attempted Administrator Privilege Gain","2022-04-08 12:00","19,834"
"Attempted Administrator Privilege Gain","2022-04-08 15:00",973
"Attempted Administrator Privilege Gain","2022-04-08 18:00",23
"Attempted Administrator Privilege Gain","2022-04-08 21:00",57
"Attempted Administrator Privilege Gain","2022-04-09 00:00",28
"Attempted Administrator Privilege Gain","2022-04-09 03:00",98
"Attempted Administrator Privilege Gain","2022-04-09 06:00",54
"Attempted Administrator Privilege Gain","2022-04-09 09:00","1,313"
"Attempted Administrator Privilege Gain","2022-04-09 12:00",80
"Attempted Administrator Privilege Gain","2022-04-09 15:00",8
"Attempted Administrator Privilege Gain","2022-04-09 18:00",36
"Attempted Administrator Privilege Gain","2022-04-09 21:00",21
"Attempted Administrator Privilege Gain","2022-04-10 00:00",185
"Attempted Administrator Privilege Gain","2022-04-10 03:00",376
"Attempted Administrator Privilege Gain","2022-04-10 06:00",80
"Attempted Administrator Privilege Gain","2022-04-10 09:00",21
"Attempted Administrator Privilege Gain","2022-04-10 12:00",44
"Attempted Administrator Privilege Gain","2022-04-10 15:00",31
"Attempted Administrator Privilege Gain","2022-04-10 18:00",63
"Attempted Administrator Privilege Gain","2022-04-10 21:00",66
"Attempted Administrator Privilege Gain","2022-04-11 00:00",70
"Attempted Administrator Privilege Gain","2022-04-11 03:00","2,483"
"Attempted Administrator Privilege Gain","2022-04-11 06:00",122
"Attempted Administrator Privilege Gain","2022-04-11 09:00","1,700"
"Attempted Administrator Privilege Gain","2022-04-11 12:00","1,456"
"Attempted Administrator Privilege Gain","2022-04-11 15:00",38
"Attempted Administrator Privilege Gain","2022-04-11 18:00","1,552"
"Generic Protocol Command Decode","2022-04-06 03:00",958
"Generic Protocol Command Decode","2022-04-06 06:00",682
"Generic Protocol Command Decode","2022-04-06 09:00",318
"Generic Protocol Command Decode","2022-04-06 12:00",719
"Generic Protocol Command Decode","2022-04-06 15:00","1,450"
"Generic Protocol Command Decode","2022-04-06 18:00","1,520"
"Generic Protocol Command Decode","2022-04-06 21:00",212
"Generic Protocol Command Decode","2022-04-07 00:00",260
"Generic Protocol Command Decode","2022-04-07 03:00",202
"Generic Protocol Command Decode","2022-04-07 06:00",214
"Generic Protocol Command Decode","2022-04-07 09:00",277
"Generic Protocol Command Decode","2022-04-07 12:00",420
"Generic Protocol Command Decode","2022-04-07 15:00","1,531"
"Generic Protocol Command Decode","2022-04-07 18:00",201
"Generic Protocol Command Decode","2022-04-07 21:00",882
"Generic Protocol Command Decode","2022-04-08 00:00","1,451"
"Generic Protocol Command Decode","2022-04-08 03:00","1,120"
"Generic Protocol Command Decode","2022-04-08 06:00","1,481"
"Generic Protocol Command Decode","2022-04-08 09:00",333
"Generic Protocol Command Decode","2022-04-08 12:00","3,350"
"Generic Protocol Command Decode","2022-04-08 15:00","1,209"
"Generic Protocol Command Decode","2022-04-08 18:00","2,065"
"Generic Protocol Command Decode","2022-04-08 21:00",762
"Generic Protocol Command Decode","2022-04-09 00:00",726
"Generic Protocol Command Decode","2022-04-09 03:00",944
"Generic Protocol Command Decode","2022-04-09 06:00",807
"Generic Protocol Command Decode","2022-04-09 09:00","1,243"
"Generic Protocol Command Decode","2022-04-09 12:00","7,163"
"Generic Protocol Command Decode","2022-04-09 15:00","9,252"
"Generic Protocol Command Decode","2022-04-09 18:00","10,246"
"Generic Protocol Command Decode","2022-04-09 21:00","5,265"
"Generic Protocol Command Decode","2022-04-10 00:00",519
"Generic Protocol Command Decode","2022-04-10 03:00",400
"Generic Protocol Command Decode","2022-04-10 06:00",278
"Generic Protocol Command Decode","2022-04-10 09:00","1,119"
"Generic Protocol Command Decode","2022-04-10 12:00",351
"Generic Protocol Command Decode","2022-04-10 15:00",395
"Generic Protocol Command Decode","2022-04-10 18:00",514
"Generic Protocol Command Decode","2022-04-10 21:00",328
"Generic Protocol Command Decode","2022-04-11 00:00",409
"Generic Protocol Command Decode","2022-04-11 03:00","2,469"
"Generic Protocol Command Decode","2022-04-11 06:00",991
"Generic Protocol Command Decode","2022-04-11 09:00",654
"Generic Protocol Command Decode","2022-04-11 12:00",553
"Generic Protocol Command Decode","2022-04-11 15:00","1,744"
"Generic Protocol Command Decode","2022-04-11 18:00","1,212"
"Attempted Information Leak","2022-04-06 03:00",194
"Attempted Information Leak","2022-04-06 06:00",213
"Attempted Information Leak","2022-04-06 09:00",222
"Attempted Information Leak","2022-04-06 12:00",401
"Attempted Information Leak","2022-04-06 15:00",414
"Attempted Information Leak","2022-04-06 18:00",276
"Attempted Information Leak","2022-04-06 21:00",416
"Attempted Information Leak","2022-04-07 00:00",631
"Attempted Information Leak","2022-04-07 03:00",543
"Attempted Information Leak","2022-04-07 06:00",416
"Attempted Information Leak","2022-04-07 09:00",540
"Attempted Information Leak","2022-04-07 12:00",640
"Attempted Information Leak","2022-04-07 15:00",573
"Attempted Information Leak","2022-04-07 18:00",527
"Attempted Information Leak","2022-04-07 21:00",671
"Attempted Information Leak","2022-04-08 00:00",984
"Attempted Information Leak","2022-04-08 03:00","1,121"
"Attempted Information Leak","2022-04-08 06:00",902
"Attempted Information Leak","2022-04-08 09:00",885
"Attempted Information Leak","2022-04-08 12:00",714
"Attempted Information Leak","2022-04-08 15:00",328
"Attempted Information Leak","2022-04-08 18:00",198
"Attempted Information Leak","2022-04-08 21:00",293
"Attempted Information Leak","2022-04-09 00:00",472
"Attempted Information Leak","2022-04-09 03:00",692
"Attempted Information Leak","2022-04-09 06:00",747
"Attempted Information Leak","2022-04-09 09:00",684
"Attempted Information Leak","2022-04-09 12:00","5,355"
"Attempted Information Leak","2022-04-09 15:00","4,964"
"Attempted Information Leak","2022-04-09 18:00","5,437"
"Attempted Information Leak","2022-04-09 21:00","3,080"
"Attempted Information Leak","2022-04-10 00:00",984
"Attempted Information Leak","2022-04-10 03:00","1,366"
"Attempted Information Leak","2022-04-10 06:00",780
"Attempted Information Leak","2022-04-10 09:00",806
"Attempted Information Leak","2022-04-10 12:00",677
"Attempted Information Leak","2022-04-10 15:00",671
"Attempted Information Leak","2022-04-10 18:00",784
"Attempted Information Leak","2022-04-10 21:00",556
"Attempted Information Leak","2022-04-11 00:00",685
"Attempted Information Leak","2022-04-11 03:00",668
"Attempted Information Leak","2022-04-11 06:00",891
"Attempted Information Leak","2022-04-11 09:00",891
"Attempted Information Leak","2022-04-11 12:00",828
"Attempted Information Leak","2022-04-11 15:00",744
"Attempted Information Leak","2022-04-11 18:00",694
"Misc Attack","2022-04-06 03:00",233
"Misc Attack","2022-04-06 06:00",302
"Misc Attack","2022-04-06 09:00",313
"Misc Attack","2022-04-06 12:00",265
"Misc Attack","2022-04-06 15:00",254
"Misc Attack","2022-04-06 18:00",287
"Misc Attack","2022-04-06 21:00",260
"Misc Attack","2022-04-07 00:00",285
"Misc Attack","2022-04-07 03:00",270
"Misc Attack","2022-04-07 06:00",244
"Misc Attack","2022-04-07 09:00",251
"Misc Attack","2022-04-07 12:00",271
"Misc Attack","2022-04-07 15:00",252
"Misc Attack","2022-04-07 18:00",252
"Misc Attack","2022-04-07 21:00",250
"Misc Attack","2022-04-08 00:00",250
"Misc Attack","2022-04-08 03:00",296
"Misc Attack","2022-04-08 06:00",277
"Misc Attack","2022-04-08 09:00",240
"Misc Attack","2022-04-08 12:00",260
"Misc Attack","2022-04-08 15:00",276
"Misc Attack","2022-04-08 18:00",280
"Misc Attack","2022-04-08 21:00",286
"Misc Attack","2022-04-09 00:00",260
"Misc Attack","2022-04-09 03:00",255
"Misc Attack","2022-04-09 06:00",258
"Misc Attack","2022-04-09 09:00",296
"Misc Attack","2022-04-09 12:00",260
"Misc Attack","2022-04-09 15:00",280
"Misc Attack","2022-04-09 18:00",271
"Misc Attack","2022-04-09 21:00",272
"Misc Attack","2022-04-10 00:00",330
"Misc Attack","2022-04-10 03:00",247
"Misc Attack","2022-04-10 06:00",294
"Misc Attack","2022-04-10 09:00",261
"Misc Attack","2022-04-10 12:00",281
"Misc Attack","2022-04-10 15:00",311
"Misc Attack","2022-04-10 18:00",356
"Misc Attack","2022-04-10 21:00",331
"Misc Attack","2022-04-11 00:00",298
"Misc Attack","2022-04-11 03:00",317
"Misc Attack","2022-04-11 06:00",270
"Misc Attack","2022-04-11 09:00",281
"Misc Attack","2022-04-11 12:00",326
"Misc Attack","2022-04-11 15:00",301
"Misc Attack","2022-04-11 18:00",284
