﻿ID,Description,Count
2100560,"GPL POLICY VNC server response","144,449"
2002923,"ET EXPLOIT VNC Server Not Requiring Authentication (case 2)","71,961"
2002920,"ET POLICY VNC Authentication Failure","71,960"
2210044,"SURICATA STREAM Packet with invalid timestamp","30,127"
2210048,"SURICATA STREAM reassembly sequence GAP -- missing packet(s)","22,256"
2001978,"ET POLICY SSH session in progress on Expected Port","19,898"
2023753,"ET SCAN MS Terminal Server Traffic on Non-standard Port","19,213"
2002824,"ET POLICY CURL User Agent","16,257"
2024766,"ET EXPLOIT [PTsecurity] DoublePulsar Backdoor installation communication","12,303"
2210051,"SURICATA STREAM Packet with broken ack","7,600"
