﻿"username.keyword: Descending",Count
root,"2,605"
nproc,940
admin,286
user,140
sa,95
ubuntu,82
pi,56
ansible,52
testuser,48
oracle,45
test,42
system,26
ftpuser,23
butter,20
ftp,20
postgres,20
dev,18
git,17
zabbix,17
server,14
mc,13
ubnt,13
username,13
tor,12
guest,11
anonymous,10
support,9
alumni,8
daemon,8
knockknockwhosthere,8
user1,8
administrator,7
nfsnobod,7
default,6
abcli,5
anon,5
anzmf,5
arno,5
autossh,5
azmarq,5
bartolomeo,5
camera,5
can,5
carlosdfg,5
caronna,5
cata,5
chmdb,5
christoffer,5
cjus,5
dirftp,5
