﻿"geoip.country_name.keyword: Descending",Count,"DestPort: Descending",Count
Germany,"274,762",5900,"273,596"
Germany,"274,762",80,119
Germany,"274,762",443,71
Germany,"274,762",8080,68
Germany,"274,762",2376,44
"United States","61,927",445,"6,345"
"United States","61,927",8088,"2,021"
"United States","61,927",23,"1,735"
"United States","61,927",22,"1,198"
"United States","61,927",23023,378
China,"61,915",23,"1,259"
China,"61,915",6379,"1,032"
China,"61,915",2323,132
China,"61,915",2375,126
China,"61,915",2376,73
India,"38,366",445,"38,033"
India,"38,366",23,79
India,"38,366",23023,58
India,"38,366",65533,19
India,"38,366",9711,6
Vietnam,"26,929",445,"26,129"
Vietnam,"26,929",22,164
Vietnam,"26,929",80,50
Vietnam,"26,929",81,17
Vietnam,"26,929",3389,10
