﻿"password.keyword: Descending",Count
admin,208
123456,144
root,94
test,77
ubuntu,52
password,47
12345,46
"!QAZ2wsx",43
testuser,42
1234,40
user,38
"(empty)",36
123,34
"1qaz@WSX",33
12345678,32
123456789,31
1234567890,30
postgres,30
oracle,27
ansible,26
mc,26
1,25
system,24
git,23
redhat,22
toor,22
1qaz2wsx,21
dev,21
server,21
zabbix,21
admin123,20
raspberry,20
guest,19
tor,19
"1qaz@wsx",18
xuelp123,18
raspberryraspberry993311,16
configure,15
lenovo,15
asdfg,14
eve,14
ubnt,14
"P@ssw0rd",13
support,13
11111111,12
1008,11
Passw0rd1234,11
0414,10
0459,10
123QWEasd,10
