﻿"alert.category.keyword: Descending",Timestamp,Attacks
"Misc activity","2022-04-06 03:00",150
"Misc activity","2022-04-06 06:00",580
"Misc activity","2022-04-06 09:00",63
"Misc activity","2022-04-06 12:00","9,308"
"Misc activity","2022-04-06 15:00","57,905"
"Misc activity","2022-04-06 18:00","59,759"
"Misc activity","2022-04-06 21:00","57,034"
"Misc activity","2022-04-07 00:00","55,730"
"Misc activity","2022-04-07 03:00","18,452"
"Misc activity","2022-04-07 06:00",699
"Misc activity","2022-04-07 09:00",448
"Misc activity","2022-04-07 12:00",518
"Misc activity","2022-04-07 15:00",498
"Misc activity","2022-04-07 18:00",467
"Misc activity","2022-04-07 21:00",489
"Misc activity","2022-04-08 00:00",505
"Misc activity","2022-04-08 03:00","18,765"
"Misc activity","2022-04-08 06:00","56,672"
"Misc activity","2022-04-08 09:00","56,415"
"Misc activity","2022-04-08 12:00","53,105"
"Misc activity","2022-04-08 15:00","31,385"
"Misc activity","2022-04-08 18:00",187
"Misc activity","2022-04-08 21:00",218
"Misc activity","2022-04-09 00:00",144
"Misc activity","2022-04-09 03:00",176
"Misc activity","2022-04-09 06:00",115
"Misc activity","2022-04-09 09:00",239
"Misc activity","2022-04-09 12:00",916
"Misc activity","2022-04-09 15:00",225
"Misc activity","2022-04-09 18:00",203
"Misc activity","2022-04-09 21:00",121
"Misc activity","2022-04-10 00:00",184
"Misc activity","2022-04-10 03:00",155
"Misc activity","2022-04-10 06:00",423
"Misc activity","2022-04-10 09:00","50,642"
"Misc activity","2022-04-10 12:00","56,183"
"Misc activity","2022-04-10 15:00","56,876"
"Misc activity","2022-04-10 18:00","56,675"
"Misc activity","2022-04-10 21:00","55,833"
"Misc activity","2022-04-11 00:00","56,774"
"Misc activity","2022-04-11 03:00","18,582"
"Misc activity","2022-04-11 06:00",168
"Misc activity","2022-04-11 09:00",165
"Misc activity","2022-04-11 12:00",194
"Misc activity","2022-04-11 15:00",200
"Misc activity","2022-04-11 18:00",368
"Attempted Administrator Privilege Gain","2022-04-06 03:00",14
"Attempted Administrator Privilege Gain","2022-04-06 06:00",84
"Attempted Administrator Privilege Gain","2022-04-06 09:00",31
"Attempted Administrator Privilege Gain","2022-04-06 12:00","2,946"
"Attempted Administrator Privilege Gain","2022-04-06 15:00","19,328"
"Attempted Administrator Privilege Gain","2022-04-06 18:00","19,165"
"Attempted Administrator Privilege Gain","2022-04-06 21:00","20,268"
"Attempted Administrator Privilege Gain","2022-04-07 00:00","18,522"
"Attempted Administrator Privilege Gain","2022-04-07 03:00","7,030"
"Attempted Administrator Privilege Gain","2022-04-07 06:00",779
"Attempted Administrator Privilege Gain","2022-04-07 09:00",576
"Attempted Administrator Privilege Gain","2022-04-07 12:00",22
"Attempted Administrator Privilege Gain","2022-04-07 15:00",30
"Attempted Administrator Privilege Gain","2022-04-07 18:00",721
"Attempted Administrator Privilege Gain","2022-04-07 21:00",17
"Attempted Administrator Privilege Gain","2022-04-08 00:00",14
"Attempted Administrator Privilege Gain","2022-04-08 03:00","6,241"
"Attempted Administrator Privilege Gain","2022-04-08 06:00","18,917"
"Attempted Administrator Privilege Gain","2022-04-08 09:00","18,812"
"Attempted Administrator Privilege Gain","2022-04-08 12:00","17,904"
"Attempted Administrator Privilege Gain","2022-04-08 15:00","10,519"
"Attempted Administrator Privilege Gain","2022-04-08 18:00",20
"Attempted Administrator Privilege Gain","2022-04-08 21:00",18
"Attempted Administrator Privilege Gain","2022-04-09 00:00",42
"Attempted Administrator Privilege Gain","2022-04-09 03:00",21
"Attempted Administrator Privilege Gain","2022-04-09 06:00",930
"Attempted Administrator Privilege Gain","2022-04-09 09:00","1,979"
"Attempted Administrator Privilege Gain","2022-04-09 12:00",24
"Attempted Administrator Privilege Gain","2022-04-09 15:00",32
"Attempted Administrator Privilege Gain","2022-04-09 18:00",32
"Attempted Administrator Privilege Gain","2022-04-09 21:00","1,781"
"Attempted Administrator Privilege Gain","2022-04-10 00:00",41
"Attempted Administrator Privilege Gain","2022-04-10 03:00",25
"Attempted Administrator Privilege Gain","2022-04-10 06:00",210
"Attempted Administrator Privilege Gain","2022-04-10 09:00","17,756"
"Attempted Administrator Privilege Gain","2022-04-10 12:00","18,746"
"Attempted Administrator Privilege Gain","2022-04-10 15:00","18,984"
"Attempted Administrator Privilege Gain","2022-04-10 18:00","18,990"
"Attempted Administrator Privilege Gain","2022-04-10 21:00","18,667"
"Attempted Administrator Privilege Gain","2022-04-11 00:00","18,917"
"Attempted Administrator Privilege Gain","2022-04-11 03:00","6,172"
"Attempted Administrator Privilege Gain","2022-04-11 06:00","2,869"
"Attempted Administrator Privilege Gain","2022-04-11 09:00",140
"Attempted Administrator Privilege Gain","2022-04-11 12:00",200
"Attempted Administrator Privilege Gain","2022-04-11 15:00",87
"Attempted Administrator Privilege Gain","2022-04-11 18:00",49
"Generic Protocol Command Decode","2022-04-06 03:00",359
"Generic Protocol Command Decode","2022-04-06 06:00","1,475"
"Generic Protocol Command Decode","2022-04-06 09:00","1,612"
"Generic Protocol Command Decode","2022-04-06 12:00",517
"Generic Protocol Command Decode","2022-04-06 15:00","1,376"
"Generic Protocol Command Decode","2022-04-06 18:00","1,430"
"Generic Protocol Command Decode","2022-04-06 21:00",919
"Generic Protocol Command Decode","2022-04-07 00:00",413
"Generic Protocol Command Decode","2022-04-07 03:00","2,196"
"Generic Protocol Command Decode","2022-04-07 06:00","2,089"
"Generic Protocol Command Decode","2022-04-07 09:00","1,257"
"Generic Protocol Command Decode","2022-04-07 12:00",405
"Generic Protocol Command Decode","2022-04-07 15:00",305
"Generic Protocol Command Decode","2022-04-07 18:00","1,298"
"Generic Protocol Command Decode","2022-04-07 21:00",333
"Generic Protocol Command Decode","2022-04-08 00:00",357
"Generic Protocol Command Decode","2022-04-08 03:00","19,959"
"Generic Protocol Command Decode","2022-04-08 06:00",362
"Generic Protocol Command Decode","2022-04-08 09:00","1,065"
"Generic Protocol Command Decode","2022-04-08 12:00",402
"Generic Protocol Command Decode","2022-04-08 15:00",983
"Generic Protocol Command Decode","2022-04-08 18:00","1,204"
"Generic Protocol Command Decode","2022-04-08 21:00",281
"Generic Protocol Command Decode","2022-04-09 00:00",429
"Generic Protocol Command Decode","2022-04-09 03:00",732
"Generic Protocol Command Decode","2022-04-09 06:00","1,223"
"Generic Protocol Command Decode","2022-04-09 09:00",615
"Generic Protocol Command Decode","2022-04-09 12:00","1,316"
"Generic Protocol Command Decode","2022-04-09 15:00",238
"Generic Protocol Command Decode","2022-04-09 18:00","2,418"
"Generic Protocol Command Decode","2022-04-09 21:00","1,413"
"Generic Protocol Command Decode","2022-04-10 00:00",444
"Generic Protocol Command Decode","2022-04-10 03:00",320
"Generic Protocol Command Decode","2022-04-10 06:00",740
"Generic Protocol Command Decode","2022-04-10 09:00","1,329"
"Generic Protocol Command Decode","2022-04-10 12:00",316
"Generic Protocol Command Decode","2022-04-10 15:00",824
"Generic Protocol Command Decode","2022-04-10 18:00","1,026"
"Generic Protocol Command Decode","2022-04-10 21:00",340
"Generic Protocol Command Decode","2022-04-11 00:00",341
"Generic Protocol Command Decode","2022-04-11 03:00",695
"Generic Protocol Command Decode","2022-04-11 06:00","4,107"
"Generic Protocol Command Decode","2022-04-11 09:00","2,100"
"Generic Protocol Command Decode","2022-04-11 12:00",495
"Generic Protocol Command Decode","2022-04-11 15:00","1,548"
"Generic Protocol Command Decode","2022-04-11 18:00",457
"Attempted Information Leak","2022-04-06 03:00",255
"Attempted Information Leak","2022-04-06 06:00",300
"Attempted Information Leak","2022-04-06 09:00",298
"Attempted Information Leak","2022-04-06 12:00",454
"Attempted Information Leak","2022-04-06 15:00",842
"Attempted Information Leak","2022-04-06 18:00",531
"Attempted Information Leak","2022-04-06 21:00",601
"Attempted Information Leak","2022-04-07 00:00",885
"Attempted Information Leak","2022-04-07 03:00",695
"Attempted Information Leak","2022-04-07 06:00",831
"Attempted Information Leak","2022-04-07 09:00",731
"Attempted Information Leak","2022-04-07 12:00",623
"Attempted Information Leak","2022-04-07 15:00",595
"Attempted Information Leak","2022-04-07 18:00",614
"Attempted Information Leak","2022-04-07 21:00",715
"Attempted Information Leak","2022-04-08 00:00","1,096"
"Attempted Information Leak","2022-04-08 03:00","19,009"
"Attempted Information Leak","2022-04-08 06:00",955
"Attempted Information Leak","2022-04-08 09:00",823
"Attempted Information Leak","2022-04-08 12:00","1,159"
"Attempted Information Leak","2022-04-08 15:00",540
"Attempted Information Leak","2022-04-08 18:00",203
"Attempted Information Leak","2022-04-08 21:00",203
"Attempted Information Leak","2022-04-09 00:00",469
"Attempted Information Leak","2022-04-09 03:00",405
"Attempted Information Leak","2022-04-09 06:00",346
"Attempted Information Leak","2022-04-09 09:00",321
"Attempted Information Leak","2022-04-09 12:00",404
"Attempted Information Leak","2022-04-09 15:00",308
"Attempted Information Leak","2022-04-09 18:00",277
"Attempted Information Leak","2022-04-09 21:00",226
"Attempted Information Leak","2022-04-10 00:00",423
"Attempted Information Leak","2022-04-10 03:00",265
"Attempted Information Leak","2022-04-10 06:00",383
"Attempted Information Leak","2022-04-10 09:00",637
"Attempted Information Leak","2022-04-10 12:00",899
"Attempted Information Leak","2022-04-10 15:00","1,025"
"Attempted Information Leak","2022-04-10 18:00","1,310"
"Attempted Information Leak","2022-04-10 21:00",808
"Attempted Information Leak","2022-04-11 00:00",808
"Attempted Information Leak","2022-04-11 03:00",683
"Attempted Information Leak","2022-04-11 06:00",844
"Attempted Information Leak","2022-04-11 09:00",948
"Attempted Information Leak","2022-04-11 12:00","1,147"
"Attempted Information Leak","2022-04-11 15:00",822
"Attempted Information Leak","2022-04-11 18:00",711
"Misc Attack","2022-04-06 03:00",279
"Misc Attack","2022-04-06 06:00",313
"Misc Attack","2022-04-06 09:00",324
"Misc Attack","2022-04-06 12:00",288
"Misc Attack","2022-04-06 15:00",340
"Misc Attack","2022-04-06 18:00",298
"Misc Attack","2022-04-06 21:00",341
"Misc Attack","2022-04-07 00:00",291
"Misc Attack","2022-04-07 03:00",296
"Misc Attack","2022-04-07 06:00",292
"Misc Attack","2022-04-07 09:00",283
"Misc Attack","2022-04-07 12:00",384
"Misc Attack","2022-04-07 15:00",266
"Misc Attack","2022-04-07 18:00",276
"Misc Attack","2022-04-07 21:00",274
"Misc Attack","2022-04-08 00:00",316
"Misc Attack","2022-04-08 03:00",366
"Misc Attack","2022-04-08 06:00",336
"Misc Attack","2022-04-08 09:00",283
"Misc Attack","2022-04-08 12:00",300
"Misc Attack","2022-04-08 15:00",294
"Misc Attack","2022-04-08 18:00",290
"Misc Attack","2022-04-08 21:00",328
"Misc Attack","2022-04-09 00:00",317
"Misc Attack","2022-04-09 03:00",372
"Misc Attack","2022-04-09 06:00",307
"Misc Attack","2022-04-09 09:00",336
"Misc Attack","2022-04-09 12:00",310
"Misc Attack","2022-04-09 15:00",339
"Misc Attack","2022-04-09 18:00",375
"Misc Attack","2022-04-09 21:00",306
"Misc Attack","2022-04-10 00:00",337
"Misc Attack","2022-04-10 03:00",315
"Misc Attack","2022-04-10 06:00",301
"Misc Attack","2022-04-10 09:00",322
"Misc Attack","2022-04-10 12:00",346
"Misc Attack","2022-04-10 15:00",330
"Misc Attack","2022-04-10 18:00",389
"Misc Attack","2022-04-10 21:00",329
"Misc Attack","2022-04-11 00:00",338
"Misc Attack","2022-04-11 03:00",375
"Misc Attack","2022-04-11 06:00",299
"Misc Attack","2022-04-11 09:00",295
"Misc Attack","2022-04-11 12:00",294
"Misc Attack","2022-04-11 15:00",333
"Misc Attack","2022-04-11 18:00",330
