﻿ID,Description,Count
2100560,"GPL POLICY VNC server response","548,137"
2002923,"ET EXPLOIT VNC Server Not Requiring Authentication (case 2)","273,742"
2002920,"ET POLICY VNC Authentication Failure","273,741"
2210048,"SURICATA STREAM reassembly sequence GAP -- missing packet(s)","34,159"
2002824,"ET POLICY CURL User Agent","18,580"
2210044,"SURICATA STREAM Packet with invalid timestamp","18,361"
2023753,"ET SCAN MS Terminal Server Traffic on Non-standard Port","16,097"
2024766,"ET EXPLOIT [PTsecurity] DoublePulsar Backdoor installation communication","12,503"
2009582,"ET SCAN NMAP -sS window 1024","6,810"
2402000,"ET DROP Dshield Block Listed Source group 1","5,879"
