﻿"password.keyword: Descending",Count
123456,"2,645"
"(empty)","1,389"
nproc,"1,068"
123,936
password,661
1234,449
12345,405
1,307
12345678,234
admin,218
test,218
123456789,170
qwerty,144
123123,134
1qaz2wsx,125
root,125
111111,123
pass,113
abc123,106
123qwe,98
"p@ssw0rd",94
test123,89
1q2w3e4r,84
1234567,82
1234567890,79
a,79
password123,77
admin123,71
changeme,71
"P@ssw0rd",67
123321,58
"!QAZ2wsx",57
passw0rd,56
12,55
1q2w3e,51
"1qaz@WSX",51
pass123,50
password1,49
user,49
passwd,46
q1w2e3r4,43
0,38
654321,37
000000,33
oracle,30
welcome,29
abcd1234,28
testuser,28
abc123456,27
qwe123,26
