﻿"alert.category.keyword: Descending",Timestamp,Attacks
"Generic Protocol Command Decode","2022-03-21 09:00",27
"Generic Protocol Command Decode","2022-03-21 12:00",859
"Generic Protocol Command Decode","2022-03-21 15:00","1,708"
"Generic Protocol Command Decode","2022-03-21 18:00","1,880"
"Generic Protocol Command Decode","2022-03-21 21:00",631
"Generic Protocol Command Decode","2022-03-22 00:00",534
"Generic Protocol Command Decode","2022-03-22 03:00",663
"Generic Protocol Command Decode","2022-03-22 06:00","3,658"
"Generic Protocol Command Decode","2022-03-22 09:00","3,056"
"Generic Protocol Command Decode","2022-03-22 12:00","1,495"
"Generic Protocol Command Decode","2022-03-22 15:00",276
"Generic Protocol Command Decode","2022-03-22 18:00","1,226"
"Generic Protocol Command Decode","2022-03-22 21:00","1,508"
"Generic Protocol Command Decode","2022-03-23 00:00","1,781"
"Generic Protocol Command Decode","2022-03-23 03:00","2,138"
"Generic Protocol Command Decode","2022-03-23 06:00","3,220"
"Generic Protocol Command Decode","2022-03-23 15:00","1,171"
"Generic Protocol Command Decode","2022-03-23 18:00",590
"Generic Protocol Command Decode","2022-03-23 21:00","1,209"
"Generic Protocol Command Decode","2022-03-24 00:00","3,476"
"Generic Protocol Command Decode","2022-03-24 03:00","1,198"
"Generic Protocol Command Decode","2022-03-24 06:00",552
"Generic Protocol Command Decode","2022-03-24 09:00",994
"Generic Protocol Command Decode","2022-03-24 12:00","2,816"
"Generic Protocol Command Decode","2022-03-24 15:00","3,366"
"Generic Protocol Command Decode","2022-03-24 18:00",794
"Generic Protocol Command Decode","2022-03-24 21:00","5,077"
"Generic Protocol Command Decode","2022-03-25 00:00","7,778"
"Generic Protocol Command Decode","2022-03-25 03:00","4,172"
"Generic Protocol Command Decode","2022-03-25 06:00","3,617"
"Generic Protocol Command Decode","2022-03-25 09:00","3,501"
"Generic Protocol Command Decode","2022-03-25 12:00","3,322"
"Generic Protocol Command Decode","2022-03-25 15:00","4,145"
"Generic Protocol Command Decode","2022-03-25 18:00","3,114"
"Generic Protocol Command Decode","2022-03-25 21:00","2,698"
"Generic Protocol Command Decode","2022-03-26 00:00","1,304"
"Generic Protocol Command Decode","2022-03-26 03:00","4,784"
"Generic Protocol Command Decode","2022-03-26 06:00","2,471"
"Generic Protocol Command Decode","2022-03-26 09:00","4,149"
"Generic Protocol Command Decode","2022-03-26 12:00","3,194"
"Generic Protocol Command Decode","2022-03-26 15:00","3,084"
"Generic Protocol Command Decode","2022-03-26 18:00","4,834"
"Generic Protocol Command Decode","2022-03-26 21:00","3,612"
"Generic Protocol Command Decode","2022-03-27 00:00","1,378"
"Generic Protocol Command Decode","2022-03-27 03:00","1,174"
"Generic Protocol Command Decode","2022-03-27 06:00","2,831"
"Generic Protocol Command Decode","2022-03-27 09:00","3,848"
"Generic Protocol Command Decode","2022-03-27 12:00","5,107"
"Generic Protocol Command Decode","2022-03-27 15:00","3,488"
"Generic Protocol Command Decode","2022-03-27 18:00","4,226"
"Generic Protocol Command Decode","2022-03-27 21:00","5,043"
"Generic Protocol Command Decode","2022-03-28 00:00","5,153"
"Generic Protocol Command Decode","2022-03-28 03:00","5,791"
"Generic Protocol Command Decode","2022-03-28 06:00","6,145"
"Misc activity","2022-03-21 09:00",40
"Misc activity","2022-03-21 12:00",209
"Misc activity","2022-03-21 15:00",403
"Misc activity","2022-03-21 18:00",303
"Misc activity","2022-03-21 21:00",437
"Misc activity","2022-03-22 00:00",386
"Misc activity","2022-03-22 03:00",300
"Misc activity","2022-03-22 06:00",296
"Misc activity","2022-03-22 09:00",300
"Misc activity","2022-03-22 12:00",207
"Misc activity","2022-03-22 15:00",246
"Misc activity","2022-03-22 18:00",343
"Misc activity","2022-03-22 21:00",263
"Misc activity","2022-03-23 00:00",294
"Misc activity","2022-03-23 03:00",321
"Misc activity","2022-03-23 06:00",425
"Misc activity","2022-03-23 15:00",160
"Misc activity","2022-03-23 18:00",316
"Misc activity","2022-03-23 21:00",369
"Misc activity","2022-03-24 00:00",521
"Misc activity","2022-03-24 03:00",334
"Misc activity","2022-03-24 06:00",313
"Misc activity","2022-03-24 09:00",203
"Misc activity","2022-03-24 12:00",345
"Misc activity","2022-03-24 15:00",250
"Misc activity","2022-03-24 18:00",349
"Misc activity","2022-03-24 21:00",417
"Misc activity","2022-03-25 00:00",302
"Misc activity","2022-03-25 03:00",232
"Misc activity","2022-03-25 06:00",191
"Misc activity","2022-03-25 09:00",230
"Misc activity","2022-03-25 12:00",203
"Misc activity","2022-03-25 15:00",417
"Misc activity","2022-03-25 18:00",264
"Misc activity","2022-03-25 21:00",274
"Misc activity","2022-03-26 00:00",422
"Misc activity","2022-03-26 03:00",315
"Misc activity","2022-03-26 06:00",352
"Misc activity","2022-03-26 09:00",521
"Misc activity","2022-03-26 12:00",262
"Misc activity","2022-03-26 15:00",225
"Misc activity","2022-03-26 18:00",242
"Misc activity","2022-03-26 21:00",369
"Misc activity","2022-03-27 00:00",164
"Misc activity","2022-03-27 03:00",261
"Misc activity","2022-03-27 06:00",248
"Misc activity","2022-03-27 09:00",229
"Misc activity","2022-03-27 12:00",257
"Misc activity","2022-03-27 15:00",308
"Misc activity","2022-03-27 18:00",306
"Misc activity","2022-03-27 21:00",265
"Misc activity","2022-03-28 00:00",266
"Misc activity","2022-03-28 03:00",298
"Misc activity","2022-03-28 06:00",275
"Not Suspicious Traffic","2022-03-21 09:00",4
"Not Suspicious Traffic","2022-03-21 12:00",9
"Not Suspicious Traffic","2022-03-21 15:00",13
"Not Suspicious Traffic","2022-03-21 18:00",6
"Not Suspicious Traffic","2022-03-21 21:00",3
"Not Suspicious Traffic","2022-03-22 00:00",3
"Not Suspicious Traffic","2022-03-22 03:00",3
"Not Suspicious Traffic","2022-03-22 06:00",17
"Not Suspicious Traffic","2022-03-22 09:00",14
"Not Suspicious Traffic","2022-03-22 12:00",6
"Not Suspicious Traffic","2022-03-22 15:00",9
"Not Suspicious Traffic","2022-03-22 18:00",7
"Not Suspicious Traffic","2022-03-22 21:00",10
"Not Suspicious Traffic","2022-03-23 00:00",8
"Not Suspicious Traffic","2022-03-23 03:00",12
"Not Suspicious Traffic","2022-03-23 06:00",15
"Not Suspicious Traffic","2022-03-23 15:00",6
"Not Suspicious Traffic","2022-03-23 18:00",7
"Not Suspicious Traffic","2022-03-23 21:00",5
"Not Suspicious Traffic","2022-03-24 00:00",16
"Not Suspicious Traffic","2022-03-24 03:00",12
"Not Suspicious Traffic","2022-03-24 06:00",15
"Not Suspicious Traffic","2022-03-24 09:00",21
"Not Suspicious Traffic","2022-03-24 12:00",23
"Not Suspicious Traffic","2022-03-24 15:00",19
"Not Suspicious Traffic","2022-03-24 18:00",17
"Not Suspicious Traffic","2022-03-24 21:00",11
"Not Suspicious Traffic","2022-03-25 00:00",19
"Not Suspicious Traffic","2022-03-25 03:00",22
"Not Suspicious Traffic","2022-03-25 06:00",31
"Not Suspicious Traffic","2022-03-25 09:00",31
"Not Suspicious Traffic","2022-03-25 12:00",26
"Not Suspicious Traffic","2022-03-25 15:00",13
"Not Suspicious Traffic","2022-03-25 18:00",10
"Not Suspicious Traffic","2022-03-25 21:00",13
"Not Suspicious Traffic","2022-03-26 00:00",9
"Not Suspicious Traffic","2022-03-26 03:00",19
"Not Suspicious Traffic","2022-03-26 06:00",20
"Not Suspicious Traffic","2022-03-26 09:00",17
"Not Suspicious Traffic","2022-03-26 12:00",19
"Not Suspicious Traffic","2022-03-26 15:00",13
"Not Suspicious Traffic","2022-03-26 18:00",16
"Not Suspicious Traffic","2022-03-26 21:00",15
"Not Suspicious Traffic","2022-03-27 00:00",8
"Not Suspicious Traffic","2022-03-27 03:00",10
"Not Suspicious Traffic","2022-03-27 06:00",26
"Not Suspicious Traffic","2022-03-27 09:00",25
"Not Suspicious Traffic","2022-03-27 12:00",27
"Not Suspicious Traffic","2022-03-27 15:00",19
"Not Suspicious Traffic","2022-03-27 18:00",16
"Not Suspicious Traffic","2022-03-27 21:00",12
"Not Suspicious Traffic","2022-03-28 00:00",21
"Not Suspicious Traffic","2022-03-28 03:00",29
"Not Suspicious Traffic","2022-03-28 06:00",33
"Detection of a Network Scan","2022-03-21 09:00",12
"Detection of a Network Scan","2022-03-21 12:00",27
"Detection of a Network Scan","2022-03-21 15:00",18
"Detection of a Network Scan","2022-03-21 18:00",26
"Detection of a Network Scan","2022-03-21 21:00",23
"Detection of a Network Scan","2022-03-22 00:00",15
"Detection of a Network Scan","2022-03-22 03:00",23
"Detection of a Network Scan","2022-03-22 06:00",10
"Detection of a Network Scan","2022-03-22 09:00",11
"Detection of a Network Scan","2022-03-22 12:00",13
"Detection of a Network Scan","2022-03-22 15:00",15
"Detection of a Network Scan","2022-03-22 18:00",14
"Detection of a Network Scan","2022-03-22 21:00",12
"Detection of a Network Scan","2022-03-23 00:00",15
"Detection of a Network Scan","2022-03-23 03:00",12
"Detection of a Network Scan","2022-03-23 06:00",19
"Detection of a Network Scan","2022-03-23 15:00",7
"Detection of a Network Scan","2022-03-23 18:00",16
"Detection of a Network Scan","2022-03-23 21:00",14
"Detection of a Network Scan","2022-03-24 00:00",17
"Detection of a Network Scan","2022-03-24 03:00",13
"Detection of a Network Scan","2022-03-24 06:00",9
"Detection of a Network Scan","2022-03-24 09:00",17
"Detection of a Network Scan","2022-03-24 12:00",12
"Detection of a Network Scan","2022-03-24 15:00",23
"Detection of a Network Scan","2022-03-24 18:00",18
"Detection of a Network Scan","2022-03-24 21:00",8
"Detection of a Network Scan","2022-03-25 00:00",18
"Detection of a Network Scan","2022-03-25 03:00",8
"Detection of a Network Scan","2022-03-25 06:00",11
"Detection of a Network Scan","2022-03-25 09:00",16
"Detection of a Network Scan","2022-03-25 12:00",17
"Detection of a Network Scan","2022-03-25 15:00",11
"Detection of a Network Scan","2022-03-25 18:00",9
"Detection of a Network Scan","2022-03-25 21:00",12
"Detection of a Network Scan","2022-03-26 00:00",7
"Detection of a Network Scan","2022-03-26 03:00",21
"Detection of a Network Scan","2022-03-26 06:00",15
"Detection of a Network Scan","2022-03-26 09:00",9
"Detection of a Network Scan","2022-03-26 12:00",14
"Detection of a Network Scan","2022-03-26 15:00",9
"Detection of a Network Scan","2022-03-26 18:00",6
"Detection of a Network Scan","2022-03-26 21:00",13
"Detection of a Network Scan","2022-03-27 00:00",10
"Detection of a Network Scan","2022-03-27 03:00",7
"Detection of a Network Scan","2022-03-27 06:00",25
"Detection of a Network Scan","2022-03-27 09:00",17
"Detection of a Network Scan","2022-03-27 12:00",16
"Detection of a Network Scan","2022-03-27 15:00",12
"Detection of a Network Scan","2022-03-27 18:00",10
"Detection of a Network Scan","2022-03-27 21:00",19
"Detection of a Network Scan","2022-03-28 00:00",14
"Detection of a Network Scan","2022-03-28 03:00",17
"Detection of a Network Scan","2022-03-28 06:00",12
"Attempted Administrator Privilege Gain","2022-03-21 09:00",2
"Attempted Administrator Privilege Gain","2022-03-21 12:00",3
"Attempted Administrator Privilege Gain","2022-03-21 15:00",4
"Attempted Administrator Privilege Gain","2022-03-21 18:00",4
"Attempted Administrator Privilege Gain","2022-03-21 21:00",4
"Attempted Administrator Privilege Gain","2022-03-22 00:00",4
"Attempted Administrator Privilege Gain","2022-03-22 03:00",5
"Attempted Administrator Privilege Gain","2022-03-22 06:00",5
"Attempted Administrator Privilege Gain","2022-03-22 09:00",4
"Attempted Administrator Privilege Gain","2022-03-22 12:00",5
"Attempted Administrator Privilege Gain","2022-03-22 15:00",3
"Attempted Administrator Privilege Gain","2022-03-22 18:00",6
"Attempted Administrator Privilege Gain","2022-03-22 21:00",5
"Attempted Administrator Privilege Gain","2022-03-23 00:00",4
"Attempted Administrator Privilege Gain","2022-03-23 03:00",3
"Attempted Administrator Privilege Gain","2022-03-23 06:00",3
"Attempted Administrator Privilege Gain","2022-03-23 15:00",2
"Attempted Administrator Privilege Gain","2022-03-23 18:00",5
"Attempted Administrator Privilege Gain","2022-03-23 21:00",5
"Attempted Administrator Privilege Gain","2022-03-24 00:00",3
"Attempted Administrator Privilege Gain","2022-03-24 03:00",3
"Attempted Administrator Privilege Gain","2022-03-24 06:00",4
"Attempted Administrator Privilege Gain","2022-03-24 09:00",4
"Attempted Administrator Privilege Gain","2022-03-24 12:00",3
"Attempted Administrator Privilege Gain","2022-03-24 15:00",6
"Attempted Administrator Privilege Gain","2022-03-24 18:00",4
"Attempted Administrator Privilege Gain","2022-03-24 21:00",5
"Attempted Administrator Privilege Gain","2022-03-25 00:00",6
"Attempted Administrator Privilege Gain","2022-03-25 03:00",2
"Attempted Administrator Privilege Gain","2022-03-25 06:00",5
"Attempted Administrator Privilege Gain","2022-03-25 09:00",4
"Attempted Administrator Privilege Gain","2022-03-25 12:00",3
"Attempted Administrator Privilege Gain","2022-03-25 15:00",3
"Attempted Administrator Privilege Gain","2022-03-25 18:00",5
"Attempted Administrator Privilege Gain","2022-03-25 21:00",6
"Attempted Administrator Privilege Gain","2022-03-26 00:00",6
"Attempted Administrator Privilege Gain","2022-03-26 03:00",3
"Attempted Administrator Privilege Gain","2022-03-26 06:00",4
"Attempted Administrator Privilege Gain","2022-03-26 09:00",4
"Attempted Administrator Privilege Gain","2022-03-26 12:00",6
"Attempted Administrator Privilege Gain","2022-03-26 15:00",3
"Attempted Administrator Privilege Gain","2022-03-26 18:00",4
"Attempted Administrator Privilege Gain","2022-03-26 21:00",3
"Attempted Administrator Privilege Gain","2022-03-27 00:00",2
"Attempted Administrator Privilege Gain","2022-03-27 03:00",3
"Attempted Administrator Privilege Gain","2022-03-27 06:00",5
"Attempted Administrator Privilege Gain","2022-03-27 09:00",4
"Attempted Administrator Privilege Gain","2022-03-27 12:00",3
"Attempted Administrator Privilege Gain","2022-03-27 15:00",7
"Attempted Administrator Privilege Gain","2022-03-27 18:00",5
"Attempted Administrator Privilege Gain","2022-03-27 21:00",2
"Attempted Administrator Privilege Gain","2022-03-28 00:00",3
"Attempted Administrator Privilege Gain","2022-03-28 03:00",5
"Attempted Administrator Privilege Gain","2022-03-28 06:00",3
