﻿ID,Description,Count
2210048,"SURICATA STREAM reassembly sequence GAP -- missing packet(s)","135,096"
2001978,"ET POLICY SSH session in progress on Expected Port","15,748"
2210051,"SURICATA STREAM Packet with broken ack","6,429"
2260001,"SURICATA Applayer Wrong direction first Data","3,617"
2260002,"SURICATA Applayer Detect protocol only one direction","3,174"
2210041,"SURICATA STREAM RST recv but no session","1,407"
2210044,"SURICATA STREAM Packet with invalid timestamp",980
2210037,"SURICATA STREAM FIN recv but no session",856
2023997,"ET INFO Potentially unsafe SMBv1 protocol in use",836
2029054,"ET SCAN Zmap User-Agent (Inbound)",784
