﻿"username.keyword: Descending",Count
root,"15,986"
"(empty)","1,323"
nproc,"1,068"
admin,883
user,540
test,473
ubuntu,320
postgres,245
oracle,234
git,193
ftp,142
ftpuser,138
www,131
"info@mailrelay.local",125
administrator,114
guest,114
sa,112
web,111
testuser,108
mysql,105
deploy,93
"www-data",90
"sales@mailrelay.local",89
"test@mailrelay.local",84
server,80
dev,77
minecraft,75
nagios,72
anonymous,71
"support@mailrelay.local",71
"postmaster@mailrelay.local",70
"backup@mailrelay.local",68
demo,67
tomcat,65
db,63
"reception@mailrelay.local",61
support,61
wwwroot,60
Admin,59
hadoop,59
jenkins,58
"sale@mailrelay.local",58
test1,58
user123,56
data,55
uftp,55
info,49
"webmaster@mailrelay.local",49
system,48
user1,48
