﻿"geoip.country_name.keyword: Descending",Count,"DestPort: Descending",Count
Vietnam,2745,445,2689
Vietnam,2745,23,25
Vietnam,2745,81,2
Vietnam,2745,5555,1
Vietnam,2745,6379,1
"United States",904,5094,40
"United States",904,80,24
"United States",904,23,17
"United States",904,81,15
"United States",904,8088,15
China,674,23,151
China,674,6379,85
China,674,8876,9
China,674,9603,9
China,674,9631,9
Russia,119,23,23
Russia,119,22,7
Russia,119,5555,7
Russia,119,445,5
Russia,119,2443,4
Netherlands,115,8088,7
Netherlands,115,1025,6
Netherlands,115,37824,6
Netherlands,115,5555,4
Netherlands,115,18081,4
