﻿"type.keyword: Descending",Timestamp,Attacks
Dionaea,1646395200000,348
Dionaea,1646406000000,924
Dionaea,1646416800000,843
Dionaea,1646427600000,674
Honeytrap,1646395200000,147
Honeytrap,1646406000000,552
Honeytrap,1646416800000,502
Honeytrap,1646427600000,336
Cowrie,1646395200000,55
Cowrie,1646406000000,416
Cowrie,1646416800000,161
Cowrie,1646427600000,208
Adbhoney,1646395200000,71
Adbhoney,1646406000000,66
Adbhoney,1646416800000,64
Adbhoney,1646427600000,53
Tanner,1646395200000,1
Tanner,1646406000000,3
Tanner,1646416800000,9
Tanner,1646427600000,19
