﻿Filter,Geohash,Count,"Geo Centroid"
,w7,2685,[object Object]
,9y,531,[object Object]
,ww,319,[object Object]
,wt,231,[object Object]
,9q,213,[object Object]
,u1,160,[object Object]
,ws,107,[object Object]
,dr,87,[object Object]
,te,83,[object Object]
,xn,65,[object Object]
,wy,63,[object Object]
,u0,63,[object Object]
,w6,59,[object Object]
,9g,56,[object Object]
,wx,54,[object Object]
,uc,53,[object Object]
,gc,51,[object Object]
,wq,50,[object Object]
,qq,46,[object Object]
,we,45,[object Object]
,dx,38,[object Object]
,w2,34,[object Object]
,dq,31,[object Object]
,uf,30,[object Object]
,sz,30,[object Object]
,ey,24,[object Object]
,dp,23,[object Object]
,u6,20,[object Object]
,u3,20,[object Object]
,tu,20,[object Object]
,u2,18,[object Object]
,ez,16,[object Object]
,u9,12,[object Object]
,u8,12,[object Object]
,sx,10,[object Object]
,tp,8,[object Object]
,d5,8,[object Object]
,c2,8,[object Object]
,9x,8,[object Object]
,v4,6,[object Object]
,ud,6,[object Object]
,ub,6,[object Object]
,sv,6,[object Object]
,6s,6,[object Object]
,tt,5,[object Object]
,v3,4,[object Object]
,sp,4,[object Object]
,f2,4,[object Object]
,9e,4,[object Object]
,6g,4,[object Object]
,td,3,[object Object]
,wm,2,[object Object]
,ve,2,[object Object]
,tz,2,[object Object]
,tg,2,[object Object]
,sw,2,[object Object]
,st,2,[object Object]
,qd,2,[object Object]
,mp,2,[object Object]
,ke,2,[object Object]
,dn,2,[object Object]
,cb,2,[object Object]
,9v,2,[object Object]
,9t,2,[object Object]
,75,2,[object Object]
,6r,2,[object Object]
,6f,2,[object Object]
,69,2,[object Object]
,66,2,[object Object]
,yb,1,[object Object]
,y2,1,[object Object]
,wk,1,[object Object]
,wh,1,[object Object]
,w3,1,[object Object]
,tn,1,[object Object]
,sr,1,[object Object]
,dh,1,[object Object]
