﻿"alert.category.keyword: Descending",Timestamp,Attacks
"Attempted Administrator Privilege Gain",1646395200000,1345
"Attempted Administrator Privilege Gain",1646406000000,4620
"Attempted Administrator Privilege Gain",1646416800000,1305
"Attempted Administrator Privilege Gain",1646427600000,2811
"Misc Attack",1646395200000,120
"Misc Attack",1646406000000,307
"Misc Attack",1646416800000,274
"Misc Attack",1646427600000,222
"Attempted Information Leak",1646395200000,79
"Attempted Information Leak",1646406000000,213
"Attempted Information Leak",1646416800000,192
"Attempted Information Leak",1646427600000,148
"Generic Protocol Command Decode",1646395200000,61
"Generic Protocol Command Decode",1646406000000,216
"Generic Protocol Command Decode",1646416800000,131
"Generic Protocol Command Decode",1646427600000,117
"Potentially Bad Traffic",1646395200000,34
"Potentially Bad Traffic",1646406000000,88
"Potentially Bad Traffic",1646416800000,81
"Potentially Bad Traffic",1646427600000,60
