﻿ID,Description,Count
2024766,"ET EXPLOIT [PTsecurity] DoublePulsar Backdoor installation communication",10053
2009582,"ET SCAN NMAP -sS window 1024",436
2402000,"ET DROP Dshield Block Listed Source group 1",415
2210044,"SURICATA STREAM Packet with invalid timestamp",230
2002752,"ET POLICY Reserved Internal IP Traffic",207
2002824,"ET POLICY CURL User Agent",111
2403350,"ET CINS Active Threat Intelligence Poor Reputation IP group 51",110
2403392,"ET CINS Active Threat Intelligence Poor Reputation IP group 93",60
2210051,"SURICATA STREAM Packet with broken ack",45
2100560,"GPL POLICY VNC server response",43
