﻿"geoip.country_name.keyword: Descending",Count,"DestPort: Descending",Count
India,"22,412",22,"4,458"
India,"22,412",2222,1
India,"22,412",8772,1
India,"22,412",14609,1
India,"22,412",58024,1
"United States","2,354",22,316
"United States","2,354",17007,41
"United States","2,354",5555,10
"United States","2,354",3790,9
"United States","2,354",3389,7
China,"1,154",22,143
China,"1,154",39343,18
China,"1,154",27065,12
China,"1,154",1140,10
China,"1,154",2375,10
Singapore,341,22,41
Singapore,341,9200,30
Singapore,341,9197,3
Singapore,341,10943,3
Singapore,341,30017,3
Japan,313,22,51
Japan,313,8442,3
Japan,313,8901,3
Japan,313,10038,3
Japan,313,12472,3
