﻿ID,Description,Count
2001978,"ET POLICY SSH session in progress on Expected Port",343
2210051,"SURICATA STREAM Packet with broken ack",59
2210044,"SURICATA STREAM Packet with invalid timestamp",41
2100486,"GPL ICMP_INFO Destination Unreachable Communication with Destination Host is Administratively Prohibited",22
2029054,"ET SCAN Zmap User-Agent (Inbound)",20
2221014,"SURICATA HTTP missing Host header",8
2221028,"SURICATA HTTP Host header invalid",7
2200074,"SURICATA TCPv4 invalid checksum",6
2221045,"SURICATA HTTP Unexpected Request body",5
2001984,"ET POLICY SSH session in progress on Unusual Port",2
