﻿"alert.category.keyword: Descending",Timestamp,Attacks
"Misc activity","2022-03-13 12:00",67
"Misc activity","2022-03-13 15:00",261
"Misc activity","2022-03-13 18:00",41
"Generic Protocol Command Decode","2022-03-13 12:00",68
"Generic Protocol Command Decode","2022-03-13 15:00",59
"Generic Protocol Command Decode","2022-03-13 18:00",1
"Detection of a Network Scan","2022-03-13 12:00",7
"Detection of a Network Scan","2022-03-13 15:00",12
"Detection of a Network Scan","2022-03-13 18:00",1
"A Network Trojan was detected","2022-03-13 12:00",1
"Attempted Administrator Privilege Gain","2022-03-13 12:00",1
