﻿"password.keyword: Descending",Count
123456,"2,807"
123,978
nproc,934
password,593
1234,498
12345,443
"(empty)",427
1,328
admin,278
test,250
12345678,219
123456789,160
qwerty,125
123123,123
1qaz2wsx,114
111111,109
root,102
oracle,95
test123,95
abc123,93
ubuntu,93
pass,90
"P@ssw0rd",89
1234567890,85
1q2w3e4r,85
user,85
changeme,83
postgres,77
123qwe,72
a,72
password123,70
"p@ssw0rd",68
admin123,63
"!QAZ2wsx",62
"1qaz@WSX",62
1234567,58
passw0rd,57
qwe123,51
123321,43
1q2w3e,43
12,41
pretty,40
testuser,40
server,39
q1w2e3r4,37
qwer1234,32
passwd,31
abc,30
1111,29
Passw0rd,29
