﻿"alert.category.keyword: Descending",Timestamp,Attacks
"Generic Protocol Command Decode","2022-03-21 09:00","5,458"
"Generic Protocol Command Decode","2022-03-21 12:00","7,778"
"Generic Protocol Command Decode","2022-03-21 15:00","3,720"
"Generic Protocol Command Decode","2022-03-21 18:00","4,195"
"Generic Protocol Command Decode","2022-03-21 21:00","2,814"
"Generic Protocol Command Decode","2022-03-22 00:00","7,408"
"Generic Protocol Command Decode","2022-03-22 03:00","6,601"
"Generic Protocol Command Decode","2022-03-22 06:00","7,216"
"Generic Protocol Command Decode","2022-03-22 09:00","7,866"
"Generic Protocol Command Decode","2022-03-22 12:00","4,703"
"Generic Protocol Command Decode","2022-03-22 15:00","6,192"
"Generic Protocol Command Decode","2022-03-22 18:00","5,656"
"Generic Protocol Command Decode","2022-03-22 21:00","3,706"
"Generic Protocol Command Decode","2022-03-23 00:00","5,110"
"Generic Protocol Command Decode","2022-03-23 03:00","6,738"
"Generic Protocol Command Decode","2022-03-23 06:00","7,350"
"Generic Protocol Command Decode","2022-03-23 09:00","6,349"
"Generic Protocol Command Decode","2022-03-23 12:00","4,497"
"Generic Protocol Command Decode","2022-03-23 15:00","1,238"
"Generic Protocol Command Decode","2022-03-23 18:00","3,764"
"Generic Protocol Command Decode","2022-03-23 21:00","2,040"
"Generic Protocol Command Decode","2022-03-24 00:00","4,179"
"Generic Protocol Command Decode","2022-03-24 03:00","5,453"
"Generic Protocol Command Decode","2022-03-24 06:00","6,809"
"Generic Protocol Command Decode","2022-03-24 09:00","5,656"
"Generic Protocol Command Decode","2022-03-24 12:00","10,519"
"Generic Protocol Command Decode","2022-03-24 15:00","5,539"
"Generic Protocol Command Decode","2022-03-24 18:00","3,711"
"Generic Protocol Command Decode","2022-03-24 21:00","3,970"
"Generic Protocol Command Decode","2022-03-25 00:00","5,998"
"Generic Protocol Command Decode","2022-03-25 03:00","8,112"
"Generic Protocol Command Decode","2022-03-25 06:00","6,603"
"Generic Protocol Command Decode","2022-03-25 09:00","5,468"
"Generic Protocol Command Decode","2022-03-25 12:00","6,851"
"Generic Protocol Command Decode","2022-03-25 15:00","4,917"
"Generic Protocol Command Decode","2022-03-25 18:00","5,391"
"Generic Protocol Command Decode","2022-03-25 21:00","5,385"
"Generic Protocol Command Decode","2022-03-26 00:00","3,443"
"Generic Protocol Command Decode","2022-03-26 03:00","6,784"
"Generic Protocol Command Decode","2022-03-26 06:00","2,889"
"Generic Protocol Command Decode","2022-03-26 09:00","6,127"
"Generic Protocol Command Decode","2022-03-26 12:00","4,015"
"Generic Protocol Command Decode","2022-03-26 15:00","6,904"
"Generic Protocol Command Decode","2022-03-26 18:00","3,771"
"Generic Protocol Command Decode","2022-03-26 21:00","2,571"
"Generic Protocol Command Decode","2022-03-27 00:00","1,356"
"Generic Protocol Command Decode","2022-03-27 03:00","3,087"
"Generic Protocol Command Decode","2022-03-27 06:00",337
"Generic Protocol Command Decode","2022-03-27 09:00","1,088"
"Generic Protocol Command Decode","2022-03-27 12:00","7,247"
"Generic Protocol Command Decode","2022-03-27 15:00","5,665"
"Generic Protocol Command Decode","2022-03-27 18:00","3,308"
"Generic Protocol Command Decode","2022-03-27 21:00","2,417"
"Misc activity","2022-03-21 09:00",64
"Misc activity","2022-03-21 12:00",287
"Misc activity","2022-03-21 15:00",592
"Misc activity","2022-03-21 18:00",481
"Misc activity","2022-03-21 21:00",387
"Misc activity","2022-03-22 00:00",217
"Misc activity","2022-03-22 03:00",270
"Misc activity","2022-03-22 06:00",438
"Misc activity","2022-03-22 09:00",360
"Misc activity","2022-03-22 12:00",439
"Misc activity","2022-03-22 15:00",355
"Misc activity","2022-03-22 18:00",200
"Misc activity","2022-03-22 21:00",291
"Misc activity","2022-03-23 00:00",281
"Misc activity","2022-03-23 03:00",482
"Misc activity","2022-03-23 06:00",361
"Misc activity","2022-03-23 09:00",592
"Misc activity","2022-03-23 12:00",482
"Misc activity","2022-03-23 15:00",362
"Misc activity","2022-03-23 18:00",359
"Misc activity","2022-03-23 21:00",368
"Misc activity","2022-03-24 00:00",242
"Misc activity","2022-03-24 03:00",194
"Misc activity","2022-03-24 06:00",185
"Misc activity","2022-03-24 09:00",219
"Misc activity","2022-03-24 12:00",279
"Misc activity","2022-03-24 15:00",229
"Misc activity","2022-03-24 18:00",266
"Misc activity","2022-03-24 21:00",290
"Misc activity","2022-03-25 00:00",322
"Misc activity","2022-03-25 03:00",276
"Misc activity","2022-03-25 06:00",270
"Misc activity","2022-03-25 09:00",207
"Misc activity","2022-03-25 12:00",355
"Misc activity","2022-03-25 15:00",307
"Misc activity","2022-03-25 18:00",169
"Misc activity","2022-03-25 21:00",308
"Misc activity","2022-03-26 00:00",313
"Misc activity","2022-03-26 03:00",235
"Misc activity","2022-03-26 06:00",280
"Misc activity","2022-03-26 09:00",189
"Misc activity","2022-03-26 12:00",261
"Misc activity","2022-03-26 15:00",403
"Misc activity","2022-03-26 18:00",320
"Misc activity","2022-03-26 21:00",242
"Misc activity","2022-03-27 00:00",197
"Misc activity","2022-03-27 03:00",464
"Misc activity","2022-03-27 06:00",28
"Misc activity","2022-03-27 09:00",52
"Misc activity","2022-03-27 12:00",295
"Misc activity","2022-03-27 15:00",194
"Misc activity","2022-03-27 18:00",383
"Misc activity","2022-03-27 21:00",87
"Not Suspicious Traffic","2022-03-21 09:00",17
"Not Suspicious Traffic","2022-03-21 12:00",37
"Not Suspicious Traffic","2022-03-21 15:00",20
"Not Suspicious Traffic","2022-03-21 18:00",26
"Not Suspicious Traffic","2022-03-21 21:00",22
"Not Suspicious Traffic","2022-03-22 00:00",30
"Not Suspicious Traffic","2022-03-22 03:00",35
"Not Suspicious Traffic","2022-03-22 06:00",51
"Not Suspicious Traffic","2022-03-22 09:00",43
"Not Suspicious Traffic","2022-03-22 12:00",27
"Not Suspicious Traffic","2022-03-22 15:00",43
"Not Suspicious Traffic","2022-03-22 18:00",31
"Not Suspicious Traffic","2022-03-22 21:00",17
"Not Suspicious Traffic","2022-03-23 00:00",37
"Not Suspicious Traffic","2022-03-23 03:00",41
"Not Suspicious Traffic","2022-03-23 06:00",52
"Not Suspicious Traffic","2022-03-23 09:00",43
"Not Suspicious Traffic","2022-03-23 12:00",41
"Not Suspicious Traffic","2022-03-23 15:00",18
"Not Suspicious Traffic","2022-03-23 18:00",28
"Not Suspicious Traffic","2022-03-23 21:00",12
"Not Suspicious Traffic","2022-03-24 00:00",33
"Not Suspicious Traffic","2022-03-24 03:00",50
"Not Suspicious Traffic","2022-03-24 06:00",68
"Not Suspicious Traffic","2022-03-24 09:00",34
"Not Suspicious Traffic","2022-03-24 12:00",41
"Not Suspicious Traffic","2022-03-24 15:00",29
"Not Suspicious Traffic","2022-03-24 18:00",39
"Not Suspicious Traffic","2022-03-24 21:00",25
"Not Suspicious Traffic","2022-03-25 00:00",41
"Not Suspicious Traffic","2022-03-25 03:00",37
"Not Suspicious Traffic","2022-03-25 06:00",48
"Not Suspicious Traffic","2022-03-25 09:00",47
"Not Suspicious Traffic","2022-03-25 12:00",40
"Not Suspicious Traffic","2022-03-25 15:00",34
"Not Suspicious Traffic","2022-03-25 18:00",29
"Not Suspicious Traffic","2022-03-25 21:00",27
"Not Suspicious Traffic","2022-03-26 00:00",26
"Not Suspicious Traffic","2022-03-26 03:00",39
"Not Suspicious Traffic","2022-03-26 06:00",27
"Not Suspicious Traffic","2022-03-26 09:00",37
"Not Suspicious Traffic","2022-03-26 12:00",34
"Not Suspicious Traffic","2022-03-26 15:00",29
"Not Suspicious Traffic","2022-03-26 18:00",27
"Not Suspicious Traffic","2022-03-26 21:00",28
"Not Suspicious Traffic","2022-03-27 00:00",15
"Not Suspicious Traffic","2022-03-27 03:00",24
"Not Suspicious Traffic","2022-03-27 06:00",3
"Not Suspicious Traffic","2022-03-27 09:00",18
"Not Suspicious Traffic","2022-03-27 12:00",60
"Not Suspicious Traffic","2022-03-27 15:00",37
"Not Suspicious Traffic","2022-03-27 18:00",23
"Not Suspicious Traffic","2022-03-27 21:00",6
"Detection of a Network Scan","2022-03-21 09:00",7
"Detection of a Network Scan","2022-03-21 12:00",14
"Detection of a Network Scan","2022-03-21 15:00",15
"Detection of a Network Scan","2022-03-21 18:00",24
"Detection of a Network Scan","2022-03-21 21:00",11
"Detection of a Network Scan","2022-03-22 00:00",17
"Detection of a Network Scan","2022-03-22 03:00",11
"Detection of a Network Scan","2022-03-22 06:00",24
"Detection of a Network Scan","2022-03-22 09:00",7
"Detection of a Network Scan","2022-03-22 12:00",12
"Detection of a Network Scan","2022-03-22 15:00",8
"Detection of a Network Scan","2022-03-22 18:00",15
"Detection of a Network Scan","2022-03-22 21:00",5
"Detection of a Network Scan","2022-03-23 00:00",15
"Detection of a Network Scan","2022-03-23 03:00",11
"Detection of a Network Scan","2022-03-23 06:00",13
"Detection of a Network Scan","2022-03-23 09:00",12
"Detection of a Network Scan","2022-03-23 12:00",16
"Detection of a Network Scan","2022-03-23 15:00",12
"Detection of a Network Scan","2022-03-23 18:00",10
"Detection of a Network Scan","2022-03-23 21:00",6
"Detection of a Network Scan","2022-03-24 00:00",10
"Detection of a Network Scan","2022-03-24 03:00",12
"Detection of a Network Scan","2022-03-24 06:00",26
"Detection of a Network Scan","2022-03-24 09:00",12
"Detection of a Network Scan","2022-03-24 12:00",15
"Detection of a Network Scan","2022-03-24 15:00",27
"Detection of a Network Scan","2022-03-24 18:00",15
"Detection of a Network Scan","2022-03-24 21:00",23
"Detection of a Network Scan","2022-03-25 00:00",9
"Detection of a Network Scan","2022-03-25 03:00",12
"Detection of a Network Scan","2022-03-25 06:00",6
"Detection of a Network Scan","2022-03-25 09:00",6
"Detection of a Network Scan","2022-03-25 12:00",3
"Detection of a Network Scan","2022-03-25 15:00",13
"Detection of a Network Scan","2022-03-25 18:00",9
"Detection of a Network Scan","2022-03-25 21:00",6
"Detection of a Network Scan","2022-03-26 00:00",18
"Detection of a Network Scan","2022-03-26 03:00",17
"Detection of a Network Scan","2022-03-26 06:00",23
"Detection of a Network Scan","2022-03-26 09:00",25
"Detection of a Network Scan","2022-03-26 12:00",11
"Detection of a Network Scan","2022-03-26 15:00",10
"Detection of a Network Scan","2022-03-26 18:00",11
"Detection of a Network Scan","2022-03-26 21:00",8
"Detection of a Network Scan","2022-03-27 00:00",13
"Detection of a Network Scan","2022-03-27 03:00",11
"Detection of a Network Scan","2022-03-27 06:00",3
"Detection of a Network Scan","2022-03-27 09:00",2
"Detection of a Network Scan","2022-03-27 12:00",16
"Detection of a Network Scan","2022-03-27 15:00",15
"Detection of a Network Scan","2022-03-27 18:00",21
"Detection of a Network Scan","2022-03-27 21:00",2
"Attempted Administrator Privilege Gain","2022-03-21 09:00",4
"Attempted Administrator Privilege Gain","2022-03-21 12:00",6
"Attempted Administrator Privilege Gain","2022-03-21 15:00",4
"Attempted Administrator Privilege Gain","2022-03-21 18:00",4
"Attempted Administrator Privilege Gain","2022-03-21 21:00",3
"Attempted Administrator Privilege Gain","2022-03-22 00:00",3
"Attempted Administrator Privilege Gain","2022-03-22 03:00",4
"Attempted Administrator Privilege Gain","2022-03-22 06:00",4
"Attempted Administrator Privilege Gain","2022-03-22 09:00",4
"Attempted Administrator Privilege Gain","2022-03-22 12:00",5
"Attempted Administrator Privilege Gain","2022-03-22 15:00",5
"Attempted Administrator Privilege Gain","2022-03-22 18:00",4
"Attempted Administrator Privilege Gain","2022-03-22 21:00",7
"Attempted Administrator Privilege Gain","2022-03-23 00:00",5
"Attempted Administrator Privilege Gain","2022-03-23 03:00",7
"Attempted Administrator Privilege Gain","2022-03-23 06:00",6
"Attempted Administrator Privilege Gain","2022-03-23 09:00",4
"Attempted Administrator Privilege Gain","2022-03-23 12:00",5
"Attempted Administrator Privilege Gain","2022-03-23 15:00",4
"Attempted Administrator Privilege Gain","2022-03-23 18:00",4
"Attempted Administrator Privilege Gain","2022-03-23 21:00",5
"Attempted Administrator Privilege Gain","2022-03-24 00:00",3
"Attempted Administrator Privilege Gain","2022-03-24 03:00",4
"Attempted Administrator Privilege Gain","2022-03-24 06:00",3
"Attempted Administrator Privilege Gain","2022-03-24 09:00",6
"Attempted Administrator Privilege Gain","2022-03-24 12:00",6
"Attempted Administrator Privilege Gain","2022-03-24 15:00",4
"Attempted Administrator Privilege Gain","2022-03-24 18:00",3
"Attempted Administrator Privilege Gain","2022-03-24 21:00",4
"Attempted Administrator Privilege Gain","2022-03-25 00:00",6
"Attempted Administrator Privilege Gain","2022-03-25 03:00",6
"Attempted Administrator Privilege Gain","2022-03-25 06:00",3
"Attempted Administrator Privilege Gain","2022-03-25 09:00",3
"Attempted Administrator Privilege Gain","2022-03-25 12:00",3
"Attempted Administrator Privilege Gain","2022-03-25 15:00",3
"Attempted Administrator Privilege Gain","2022-03-25 18:00",24
"Attempted Administrator Privilege Gain","2022-03-25 21:00",4
"Attempted Administrator Privilege Gain","2022-03-26 00:00",6
"Attempted Administrator Privilege Gain","2022-03-26 03:00",4
"Attempted Administrator Privilege Gain","2022-03-26 06:00",4
"Attempted Administrator Privilege Gain","2022-03-26 09:00",2
"Attempted Administrator Privilege Gain","2022-03-26 12:00",3
"Attempted Administrator Privilege Gain","2022-03-26 15:00",7
"Attempted Administrator Privilege Gain","2022-03-26 18:00",5
"Attempted Administrator Privilege Gain","2022-03-26 21:00",4
"Attempted Administrator Privilege Gain","2022-03-27 00:00",2
"Attempted Administrator Privilege Gain","2022-03-27 03:00",6
"Attempted Administrator Privilege Gain","2022-03-27 09:00",1
"Attempted Administrator Privilege Gain","2022-03-27 12:00",3
"Attempted Administrator Privilege Gain","2022-03-27 15:00",4
"Attempted Administrator Privilege Gain","2022-03-27 18:00",4
"Attempted Administrator Privilege Gain","2022-03-27 21:00",1
