﻿ID,Description,Count
2210048,"SURICATA STREAM reassembly sequence GAP -- missing packet(s)","252,006"
2001978,"ET POLICY SSH session in progress on Expected Port","15,301"
2210051,"SURICATA STREAM Packet with broken ack","4,097"
2210037,"SURICATA STREAM FIN recv but no session","3,038"
2023997,"ET INFO Potentially unsafe SMBv1 protocol in use","1,731"
2200074,"SURICATA TCPv4 invalid checksum","1,466"
2210041,"SURICATA STREAM RST recv but no session","1,218"
2210044,"SURICATA STREAM Packet with invalid timestamp","1,033"
2230003,"SURICATA TLS invalid handshake message",759
2230010,"SURICATA TLS invalid record/traffic",758
