﻿"username.keyword: Descending",Count
root,"10,744"
admin,"1,111"
nproc,934
user,547
test,472
postgres,442
sa,373
ubuntu,371
oracle,279
git,211
testuser,140
ftpuser,136
deploy,126
"(empty)",112
guest,109
mysql,96
dev,95
www,95
demo,89
support,82
teamspeak,80
tomcat,80
nagios,79
server,79
test1,72
minecraft,71
user1,69
jenkins,68
hadoop,65
system,60
ansible,55
ftp,54
web,53
steam,52
administrator,51
odoo,51
test2,50
tester,47
zabbix,46
developer,45
info,45
centos,41
ts3,40
webmaster,39
"www-data",39
alex,38
bot,38
david,38
mc,38
debian,37
