﻿"geoip.country_name.keyword: Descending",Count,"DestPort: Descending",Count
"United States",104147,80,20982
"United States",104147,3389,12789
"United States",104147,22,8309
"United States",104147,2121,941
"United States",104147,443,732
China,64785,22,9980
China,64785,445,3342
China,64785,80,1160
China,64785,2121,465
China,64785,6379,441
India,57606,445,40887
India,57606,3389,7888
India,57606,22,1344
India,57606,3311,40
India,57606,80,30
Venezuela,39973,22,7992
Venezuela,39973,2222,1
Venezuela,39973,5555,1
Japan,34804,22,4941
Japan,34804,445,3188
Japan,34804,25,204
Japan,34804,6379,13
Japan,34804,5986,9
