﻿"password.keyword: Descending",Count
123456,"2,411"
nproc,909
123,848
password,637
1234,420
12345,334
1,275
test,275
admin,242
12345678,226
123456789,166
1qaz2wsx,163
123123,120
qwerty,115
abc123,108
1234567890,104
oracle,101
testuser,99
ubuntu,91
test123,86
user,83
"!QAZ2wsx",80
111111,79
"1qaz@WSX",79
root,77
postgres,73
changeme,71
"p@ssw0rd",70
pass,70
toor,70
123qwe,69
server,69
"P@ssw0rd",64
1q2w3e4r,63
password123,61
system,61
1234567,60
dev,57
a,56
git,56
ansible,55
redhat,53
zabbix,52
mc,51
qwe123,50
"(empty)",49
"1qaz@wsx",48
xuelp123,48
pass123,44
123321,41
