﻿ID,Description,Count
2210048,"SURICATA STREAM reassembly sequence GAP -- missing packet(s)",82919
2001978,"ET POLICY SSH session in progress on Expected Port",12923
2200074,"SURICATA TCPv4 invalid checksum",11311
2210051,"SURICATA STREAM Packet with broken ack",7108
2210037,"SURICATA STREAM FIN recv but no session",1809
2221014,"SURICATA HTTP missing Host header",669
2023997,"ET INFO Potentially unsafe SMBv1 protocol in use",579
2230003,"SURICATA TLS invalid handshake message",533
2230010,"SURICATA TLS invalid record/traffic",533
2260002,"SURICATA Applayer Detect protocol only one direction",518
