﻿alert.category.keyword: Descending,Timestamp,Attacks
Generic Protocol Command Decode,1.64727E+12,65
Generic Protocol Command Decode,1.64728E+12,1021
Generic Protocol Command Decode,1.64729E+12,825
Generic Protocol Command Decode,1.6473E+12,2246
Generic Protocol Command Decode,1.64731E+12,2690
Generic Protocol Command Decode,1.64732E+12,7952
Generic Protocol Command Decode,1.64733E+12,3370
Generic Protocol Command Decode,1.64735E+12,1948
Generic Protocol Command Decode,1.64736E+12,1956
Generic Protocol Command Decode,1.64737E+12,2498
Generic Protocol Command Decode,1.64738E+12,497
Generic Protocol Command Decode,1.64739E+12,6410
Generic Protocol Command Decode,1.6474E+12,3906
Generic Protocol Command Decode,1.64741E+12,1483
Generic Protocol Command Decode,1.64742E+12,3777
Generic Protocol Command Decode,1.64743E+12,2392
Generic Protocol Command Decode,1.64744E+12,2399
Generic Protocol Command Decode,1.64745E+12,673
Generic Protocol Command Decode,1.64746E+12,1609
Generic Protocol Command Decode,1.64748E+12,2380
Generic Protocol Command Decode,1.64749E+12,4377
Generic Protocol Command Decode,1.6475E+12,6429
Generic Protocol Command Decode,1.64751E+12,3230
Generic Protocol Command Decode,1.64752E+12,126
Generic Protocol Command Decode,1.64753E+12,663
Generic Protocol Command Decode,1.64754E+12,1433
Generic Protocol Command Decode,1.64755E+12,2274
Generic Protocol Command Decode,1.64756E+12,1701
Generic Protocol Command Decode,1.64757E+12,801
Generic Protocol Command Decode,1.64758E+12,784
Generic Protocol Command Decode,1.64762E+12,961
Generic Protocol Command Decode,1.64763E+12,2850
Generic Protocol Command Decode,1.64764E+12,2461
Generic Protocol Command Decode,1.64765E+12,2741
Generic Protocol Command Decode,1.64766E+12,2825
Generic Protocol Command Decode,1.64767E+12,2953
Generic Protocol Command Decode,1.6477E+12,730
Generic Protocol Command Decode,1.64771E+12,1157
Generic Protocol Command Decode,1.64772E+12,3489
Generic Protocol Command Decode,1.64773E+12,7712
Generic Protocol Command Decode,1.64775E+12,352
Generic Protocol Command Decode,1.64776E+12,1901
Generic Protocol Command Decode,1.64777E+12,2645
Generic Protocol Command Decode,1.64779E+12,2334
Misc activity,1.64727E+12,65
Misc activity,1.64728E+12,340
Misc activity,1.64729E+12,309
Misc activity,1.6473E+12,293
Misc activity,1.64731E+12,304
Misc activity,1.64732E+12,218
Misc activity,1.64733E+12,231
Misc activity,1.64735E+12,248
Misc activity,1.64736E+12,128
Misc activity,1.64737E+12,329
Misc activity,1.64738E+12,303
Misc activity,1.64739E+12,377
Misc activity,1.6474E+12,290
Misc activity,1.64741E+12,465
Misc activity,1.64742E+12,319
Misc activity,1.64743E+12,389
Misc activity,1.64744E+12,304
Misc activity,1.64745E+12,373
Misc activity,1.64746E+12,482
Misc activity,1.64748E+12,293
Misc activity,1.64749E+12,434
Misc activity,1.6475E+12,301
Misc activity,1.64751E+12,256
Misc activity,1.64752E+12,37
Misc activity,1.64753E+12,122
Misc activity,1.64754E+12,303
Misc activity,1.64755E+12,346
Misc activity,1.64756E+12,437
Misc activity,1.64757E+12,539
Misc activity,1.64758E+12,199
Misc activity,1.64762E+12,138
Misc activity,1.64763E+12,328
Misc activity,1.64764E+12,380
Misc activity,1.64765E+12,460
Misc activity,1.64766E+12,383
Misc activity,1.64767E+12,440
Misc activity,1.6477E+12,102
Misc activity,1.64771E+12,288
Misc activity,1.64772E+12,528
Misc activity,1.64773E+12,316
Misc activity,1.64775E+12,286
Misc activity,1.64776E+12,242
Misc activity,1.64777E+12,224
Misc activity,1.64779E+12,200
Not Suspicious Traffic,1.64727E+12,1
Not Suspicious Traffic,1.64728E+12,9
Not Suspicious Traffic,1.64729E+12,15
Not Suspicious Traffic,1.6473E+12,15
Not Suspicious Traffic,1.64731E+12,17
Not Suspicious Traffic,1.64732E+12,27
Not Suspicious Traffic,1.64733E+12,18
Not Suspicious Traffic,1.64735E+12,16
Not Suspicious Traffic,1.64736E+12,7
Not Suspicious Traffic,1.64737E+12,20
Not Suspicious Traffic,1.64738E+12,9
Not Suspicious Traffic,1.64739E+12,24
Not Suspicious Traffic,1.6474E+12,20
Not Suspicious Traffic,1.64741E+12,10
Not Suspicious Traffic,1.64742E+12,25
Not Suspicious Traffic,1.64743E+12,24
Not Suspicious Traffic,1.64744E+12,12
Not Suspicious Traffic,1.64745E+12,6
Not Suspicious Traffic,1.64746E+12,8
Not Suspicious Traffic,1.64748E+12,11
Not Suspicious Traffic,1.64749E+12,17
Not Suspicious Traffic,1.6475E+12,35
Not Suspicious Traffic,1.64751E+12,21
Not Suspicious Traffic,1.64752E+12,1
Not Suspicious Traffic,1.64753E+12,6
Not Suspicious Traffic,1.64754E+12,13
Not Suspicious Traffic,1.64755E+12,14
Not Suspicious Traffic,1.64756E+12,16
Not Suspicious Traffic,1.64757E+12,15
Not Suspicious Traffic,1.64758E+12,8
Not Suspicious Traffic,1.64762E+12,1
Not Suspicious Traffic,1.64763E+12,14
Not Suspicious Traffic,1.64764E+12,6
Not Suspicious Traffic,1.64765E+12,13
Not Suspicious Traffic,1.64766E+12,9
Not Suspicious Traffic,1.64767E+12,15
Not Suspicious Traffic,1.6477E+12,6
Not Suspicious Traffic,1.64771E+12,6
Not Suspicious Traffic,1.64772E+12,8
Not Suspicious Traffic,1.64773E+12,14
Not Suspicious Traffic,1.64775E+12,8
Not Suspicious Traffic,1.64776E+12,19
Not Suspicious Traffic,1.64777E+12,13
Not Suspicious Traffic,1.64779E+12,7
Detection of a Network Scan,1.64727E+12,1
Detection of a Network Scan,1.64728E+12,6
Detection of a Network Scan,1.64729E+12,14
Detection of a Network Scan,1.6473E+12,13
Detection of a Network Scan,1.64731E+12,10
Detection of a Network Scan,1.64732E+12,13
Detection of a Network Scan,1.64733E+12,21
Detection of a Network Scan,1.64735E+12,13
Detection of a Network Scan,1.64736E+12,12
Detection of a Network Scan,1.64737E+12,18
Detection of a Network Scan,1.64738E+12,7
Detection of a Network Scan,1.64739E+12,23
Detection of a Network Scan,1.6474E+12,7
Detection of a Network Scan,1.64741E+12,9
Detection of a Network Scan,1.64742E+12,10
Detection of a Network Scan,1.64743E+12,9
Detection of a Network Scan,1.64744E+12,18
Detection of a Network Scan,1.64745E+12,3
Detection of a Network Scan,1.64746E+12,6
Detection of a Network Scan,1.64748E+12,9
Detection of a Network Scan,1.64749E+12,10
Detection of a Network Scan,1.6475E+12,7
Detection of a Network Scan,1.64751E+12,9
Detection of a Network Scan,1.64752E+12,4
Detection of a Network Scan,1.64753E+12,5
Detection of a Network Scan,1.64754E+12,10
Detection of a Network Scan,1.64755E+12,14
Detection of a Network Scan,1.64756E+12,12
Detection of a Network Scan,1.64757E+12,6
Detection of a Network Scan,1.64758E+12,3
Detection of a Network Scan,1.64762E+12,6
Detection of a Network Scan,1.64763E+12,10
Detection of a Network Scan,1.64764E+12,15
Detection of a Network Scan,1.64765E+12,16
Detection of a Network Scan,1.64766E+12,8
Detection of a Network Scan,1.64767E+12,6
Detection of a Network Scan,1.6477E+12,4
Detection of a Network Scan,1.64771E+12,5
Detection of a Network Scan,1.64772E+12,11
Detection of a Network Scan,1.64773E+12,25
Detection of a Network Scan,1.64775E+12,18
Detection of a Network Scan,1.64776E+12,24
Detection of a Network Scan,1.64777E+12,7
Detection of a Network Scan,1.64779E+12,4
Attempted Administrator Privilege Gain,1.64727E+12,2
Attempted Administrator Privilege Gain,1.64728E+12,6
Attempted Administrator Privilege Gain,1.64729E+12,3
Attempted Administrator Privilege Gain,1.6473E+12,8
Attempted Administrator Privilege Gain,1.64731E+12,12
Attempted Administrator Privilege Gain,1.64732E+12,5
Attempted Administrator Privilege Gain,1.64733E+12,4
Attempted Administrator Privilege Gain,1.64735E+12,3
Attempted Administrator Privilege Gain,1.64736E+12,1
Attempted Administrator Privilege Gain,1.64737E+12,3
Attempted Administrator Privilege Gain,1.64738E+12,5
Attempted Administrator Privilege Gain,1.64739E+12,6
Attempted Administrator Privilege Gain,1.6474E+12,6
Attempted Administrator Privilege Gain,1.64741E+12,5
Attempted Administrator Privilege Gain,1.64742E+12,3
Attempted Administrator Privilege Gain,1.64743E+12,3
Attempted Administrator Privilege Gain,1.64744E+12,6
Attempted Administrator Privilege Gain,1.64745E+12,3
Attempted Administrator Privilege Gain,1.64746E+12,3
Attempted Administrator Privilege Gain,1.64748E+12,7
Attempted Administrator Privilege Gain,1.64749E+12,3
Attempted Administrator Privilege Gain,1.6475E+12,5
Attempted Administrator Privilege Gain,1.64751E+12,3
Attempted Administrator Privilege Gain,1.64753E+12,2
Attempted Administrator Privilege Gain,1.64754E+12,3
Attempted Administrator Privilege Gain,1.64755E+12,6
Attempted Administrator Privilege Gain,1.64756E+12,3
Attempted Administrator Privilege Gain,1.64757E+12,6
Attempted Administrator Privilege Gain,1.64758E+12,1
Attempted Administrator Privilege Gain,1.64762E+12,1
Attempted Administrator Privilege Gain,1.64763E+12,3
Attempted Administrator Privilege Gain,1.64764E+12,4
Attempted Administrator Privilege Gain,1.64765E+12,3
Attempted Administrator Privilege Gain,1.64766E+12,5
Attempted Administrator Privilege Gain,1.64767E+12,3
Attempted Administrator Privilege Gain,1.6477E+12,1
Attempted Administrator Privilege Gain,1.64771E+12,3
Attempted Administrator Privilege Gain,1.64772E+12,5
Attempted Administrator Privilege Gain,1.64773E+12,6
Attempted Administrator Privilege Gain,1.64775E+12,2
Attempted Administrator Privilege Gain,1.64776E+12,6
Attempted Administrator Privilege Gain,1.64777E+12,2
Attempted Administrator Privilege Gain,1.64779E+12,1
