﻿"username.keyword: Descending",Count
root,"18,468"
nproc,909
admin,901
test,453
user,402
ubuntu,357
postgres,297
oracle,266
git,211
testuser,184
www,175
ftpuser,148
dev,133
ansible,126
server,115
guest,95
mysql,94
system,85
nagios,80
deploy,75
ftp,72
zabbix,69
anonymous,68
demo,67
mc,67
support,64
jenkins,60
tomcat,60
hadoop,58
minecraft,58
web,58
administrator,56
user1,52
sa,50
butter,47
student,46
test1,45
teamspeak,41
debian,39
tester,39
sysadmin,38
tom,38
odoo,37
developer,35
ts3,34
david,33
ftptest,32
info,32
temp,32
ubnt,32
