﻿"geoip.country_name.keyword: Descending",Count,"DestPort: Descending",Count
"United States","1,715",3389,297
"United States","1,715",27017,39
"United States","1,715",22,32
"United States","1,715",9090,29
"United States","1,715",8000,20
China,595,23,47
China,595,2323,35
China,595,22,26
China,595,2375,19
China,595,2376,19
"Hong Kong",197,80,107
"Hong Kong",197,5555,9
"Hong Kong",197,8000,9
"Hong Kong",197,5038,7
"Hong Kong",197,443,6
France,167,23,82
France,167,445,3
"Republic of Lithuania",122,22,32
"Republic of Lithuania",122,5555,2
"Republic of Lithuania",122,3052,1
"Republic of Lithuania",122,5800,1
"Republic of Lithuania",122,7080,1
