﻿"geoip.country_name.keyword: Descending",Timestamp,Attacks
"United States","2022-03-09 09:00",143
"United States","2022-03-09 12:00",407
"United States","2022-03-09 15:00",426
China,"2022-03-09 09:00",65
China,"2022-03-09 12:00",168
China,"2022-03-09 15:00",163
"Hong Kong","2022-03-09 09:00",6
"Hong Kong","2022-03-09 12:00",134
"Hong Kong","2022-03-09 15:00",20
France,"2022-03-09 09:00",3
"Republic of Lithuania","2022-03-09 09:00",6
"Republic of Lithuania","2022-03-09 12:00",37
"Republic of Lithuania","2022-03-09 15:00",29
