﻿"password.keyword: Descending",Count
1,29
"(empty)",22
"Win1doW$",4
12345,3
admin,3
raspberry,3
raspberryraspberry993311,3
1234,2
123456,2
7ujMko0admin,2
guest,2
test,2
ubnt,2
"zlxx.",2
"!QAZ2wsx",1
1001chin,1
1111,1
1111111,1
12345678,1
123456789,1
1234567890,1
1qaz2wsx,1
"1qaz@WSX",1
4321,1
666666,1
GM8182,1
ansible,1
aquario,1
dev,1
git,1
hi3518,1
ikwb,1
ivdev,1
mc,1
pass,1
postgres,1
root,1
root123,1
server,1
system,1
tech,1
ubuntu,1
user,1
vizxv,1
xmhdipc,1
xuelp123,1
zabbix,1
