﻿"alert.category.keyword: Descending",Timestamp,Attacks
"Generic Protocol Command Decode","2022-03-09 09:00",530
"Generic Protocol Command Decode","2022-03-09 12:00",904
"Generic Protocol Command Decode","2022-03-09 15:00",157
"Misc activity","2022-03-09 09:00",5
"Misc activity","2022-03-09 12:00",18
"Misc activity","2022-03-09 15:00",32
"Detection of a Network Scan","2022-03-09 09:00",13
"Detection of a Network Scan","2022-03-09 12:00",16
"Detection of a Network Scan","2022-03-09 15:00",13
"Not Suspicious Traffic","2022-03-09 09:00",3
"Not Suspicious Traffic","2022-03-09 12:00",9
"Not Suspicious Traffic","2022-03-09 15:00",3
"Attempted Administrator Privilege Gain","2022-03-09 09:00",2
"Attempted Administrator Privilege Gain","2022-03-09 12:00",3
"Attempted Administrator Privilege Gain","2022-03-09 15:00",3
