﻿ID,Description,Count
2210048,"SURICATA STREAM reassembly sequence GAP -- missing packet(s)","1,787"
2210051,"SURICATA STREAM Packet with broken ack",163
2210044,"SURICATA STREAM Packet with invalid timestamp",159
2001978,"ET POLICY SSH session in progress on Expected Port",68
2029054,"ET SCAN Zmap User-Agent (Inbound)",60
2230003,"SURICATA TLS invalid handshake message",48
2230010,"SURICATA TLS invalid record/traffic",48
2221014,"SURICATA HTTP missing Host header",28
2023997,"ET INFO Potentially unsafe SMBv1 protocol in use",24
2100486,"GPL ICMP_INFO Destination Unreachable Communication with Destination Host is Administratively Prohibited",23
